년도,구,나이,지체,청각,시각,뇌병변,지적,정신,신장,자폐성,언어,장루.요루,호흡기,간,뇌전증,심장,안면
2022,종로구,2 ,0 ,0 ,0 ,1 ,0 ,0 ,0 ,0 ,0 ,0 ,0 ,0 ,0 ,0 ,0 
2022,종로구,3 ,0 ,0 ,0 ,2 ,0 ,0 ,0 ,0 ,0 ,0 ,0 ,0 ,0 ,0 ,0 
2022,종로구,4 ,0 ,1 ,1 ,0 ,1 ,0 ,0 ,3 ,0 ,0 ,0 ,0 ,0 ,0 ,0 
2022,종로구,5 ,0 ,0 ,1 ,0 ,3 ,0 ,0 ,6 ,0 ,0 ,0 ,0 ,0 ,0 ,0 
2022,종로구,6 ,1 ,1 ,0 ,0 ,4 ,0 ,1 ,4 ,0 ,0 ,0 ,0 ,0 ,0 ,0 
2022,종로구,7 ,1 ,0 ,0 ,0 ,3 ,0 ,0 ,2 ,0 ,0 ,0 ,1 ,0 ,0 ,0 
2022,종로구,8 ,0 ,0 ,1 ,0 ,6 ,0 ,0 ,3 ,0 ,0 ,0 ,0 ,1 ,0 ,0 
2022,종로구,9 ,0 ,2 ,1 ,1 ,2 ,0 ,0 ,1 ,0 ,0 ,0 ,0 ,0 ,0 ,0 
2022,종로구,10 ,0 ,0 ,2 ,1 ,4 ,0 ,0 ,3 ,0 ,0 ,0 ,0 ,0 ,0 ,0 
2022,종로구,11 ,0 ,0 ,2 ,0 ,2 ,0 ,1 ,4 ,1 ,0 ,0 ,0 ,0 ,0 ,0 
2022,종로구,12 ,0 ,2 ,1 ,1 ,6 ,0 ,0 ,2 ,0 ,0 ,0 ,0 ,0 ,0 ,0 
2022,종로구,13 ,0 ,0 ,0 ,0 ,2 ,0 ,0 ,2 ,0 ,0 ,0 ,0 ,0 ,0 ,0 
2022,종로구,14 ,2 ,2 ,3 ,1 ,9 ,0 ,0 ,5 ,0 ,0 ,0 ,0 ,0 ,0 ,0 
2022,종로구,15 ,0 ,1 ,1 ,3 ,3 ,0 ,0 ,5 ,0 ,0 ,0 ,0 ,0 ,0 ,0 
2022,종로구,16 ,3 ,4 ,0 ,4 ,5 ,0 ,0 ,3 ,0 ,0 ,0 ,0 ,0 ,1 ,0 
2022,종로구,17 ,1 ,2 ,1 ,2 ,9 ,0 ,0 ,1 ,0 ,0 ,0 ,0 ,0 ,0 ,0 
2022,종로구,18 ,1 ,2 ,3 ,1 ,6 ,0 ,0 ,7 ,0 ,0 ,0 ,0 ,0 ,1 ,0 
2022,종로구,19 ,2 ,2 ,2 ,0 ,9 ,0 ,0 ,1 ,0 ,1 ,0 ,0 ,0 ,0 ,0 
2022,종로구,20 ,2 ,0 ,7 ,1 ,11 ,0 ,0 ,3 ,0 ,0 ,0 ,0 ,0 ,0 ,0 
2022,종로구,21 ,2 ,3 ,2 ,4 ,9 ,0 ,1 ,5 ,1 ,0 ,0 ,0 ,0 ,0 ,0 
2022,종로구,22 ,1 ,2 ,2 ,0 ,9 ,0 ,0 ,8 ,0 ,0 ,0 ,0 ,0 ,0 ,0 
2022,종로구,23 ,2 ,1 ,4 ,1 ,4 ,0 ,0 ,4 ,0 ,0 ,0 ,1 ,0 ,0 ,0 
2022,종로구,24 ,3 ,3 ,2 ,4 ,12 ,1 ,0 ,2 ,1 ,0 ,0 ,0 ,0 ,1 ,0 
2022,종로구,25 ,6 ,1 ,2 ,1 ,12 ,2 ,0 ,1 ,0 ,0 ,0 ,0 ,0 ,1 ,0 
2022,종로구,26 ,1 ,2 ,2 ,3 ,13 ,0 ,0 ,0 ,0 ,0 ,0 ,0 ,0 ,0 ,0 
2022,종로구,27 ,4 ,1 ,2 ,2 ,7 ,1 ,0 ,4 ,0 ,1 ,0 ,0 ,1 ,0 ,1 
2022,종로구,28 ,2 ,3 ,3 ,0 ,9 ,0 ,0 ,3 ,0 ,0 ,0 ,0 ,0 ,0 ,0 
2022,종로구,29 ,5 ,1 ,3 ,1 ,6 ,1 ,0 ,3 ,0 ,1 ,0 ,0 ,0 ,0 ,0 
2022,종로구,30 ,6 ,5 ,9 ,0 ,6 ,2 ,0 ,4 ,0 ,1 ,0 ,0 ,0 ,0 ,0 
2022,종로구,31 ,3 ,2 ,6 ,1 ,8 ,1 ,1 ,7 ,0 ,0 ,0 ,0 ,0 ,0 ,0 
2022,종로구,32 ,2 ,2 ,5 ,2 ,8 ,3 ,1 ,2 ,0 ,0 ,0 ,0 ,0 ,0 ,0 
2022,종로구,33 ,7 ,1 ,2 ,1 ,10 ,2 ,0 ,2 ,0 ,0 ,0 ,0 ,0 ,0 ,0 
2022,종로구,34 ,4 ,1 ,5 ,1 ,8 ,2 ,2 ,2 ,0 ,0 ,0 ,0 ,0 ,1 ,0 
2022,종로구,35 ,5 ,0 ,1 ,1 ,9 ,1 ,0 ,2 ,0 ,0 ,0 ,0 ,0 ,0 ,0 
2022,종로구,36 ,11 ,0 ,8 ,2 ,5 ,1 ,0 ,0 ,0 ,0 ,0 ,0 ,0 ,0 ,0 
2022,종로구,37 ,7 ,2 ,5 ,2 ,7 ,4 ,0 ,0 ,0 ,0 ,0 ,0 ,0 ,0 ,0 
2022,종로구,38 ,15 ,0 ,4 ,2 ,6 ,1 ,0 ,1 ,0 ,0 ,1 ,0 ,0 ,0 ,0 
2022,종로구,39 ,11 ,0 ,1 ,1 ,8 ,3 ,1 ,1 ,0 ,0 ,0 ,0 ,1 ,0 ,0 
2022,종로구,40 ,9 ,3 ,3 ,3 ,11 ,5 ,4 ,0 ,0 ,0 ,0 ,0 ,0 ,0 ,0 
2022,종로구,41 ,17 ,2 ,6 ,3 ,8 ,3 ,3 ,0 ,0 ,0 ,0 ,0 ,0 ,0 ,0 
2022,종로구,42 ,13 ,1 ,10 ,5 ,3 ,2 ,3 ,0 ,0 ,0 ,0 ,0 ,0 ,0 ,0 
2022,종로구,43 ,13 ,2 ,4 ,2 ,3 ,5 ,3 ,1 ,0 ,0 ,0 ,0 ,1 ,0 ,0 
2022,종로구,44 ,11 ,1 ,4 ,5 ,4 ,1 ,0 ,0 ,0 ,0 ,0 ,1 ,0 ,0 ,0 
2022,종로구,45 ,11 ,2 ,2 ,2 ,5 ,8 ,3 ,1 ,0 ,0 ,0 ,1 ,0 ,0 ,0 
2022,종로구,46 ,25 ,4 ,8 ,1 ,5 ,2 ,3 ,0 ,0 ,0 ,1 ,1 ,0 ,0 ,0 
2022,종로구,47 ,24 ,3 ,5 ,0 ,4 ,7 ,6 ,0 ,0 ,0 ,0 ,0 ,1 ,0 ,0 
2022,종로구,48 ,19 ,6 ,4 ,5 ,3 ,9 ,4 ,0 ,2 ,0 ,0 ,0 ,0 ,0 ,0 
2022,종로구,49 ,28 ,6 ,4 ,5 ,10 ,6 ,2 ,0 ,0 ,0 ,0 ,1 ,0 ,0 ,0 
2022,종로구,50 ,29 ,3 ,8 ,5 ,6 ,5 ,9 ,0 ,2 ,1 ,0 ,0 ,1 ,0 ,0 
2022,종로구,51 ,30 ,2 ,12 ,6 ,4 ,4 ,4 ,0 ,1 ,1 ,0 ,1 ,0 ,0 ,0 
2022,종로구,52 ,36 ,10 ,12 ,3 ,8 ,9 ,3 ,0 ,1 ,1 ,1 ,1 ,0 ,0 ,0 
2022,종로구,53 ,32 ,3 ,7 ,3 ,5 ,14 ,3 ,1 ,3 ,0 ,0 ,0 ,0 ,1 ,0 
2022,종로구,54 ,41 ,4 ,15 ,6 ,13 ,18 ,7 ,0 ,0 ,0 ,0 ,0 ,0 ,1 ,0 
2022,종로구,55 ,57 ,9 ,7 ,8 ,1 ,8 ,7 ,0 ,1 ,1 ,1 ,0 ,0 ,1 ,1 
2022,종로구,56 ,35 ,9 ,8 ,7 ,7 ,9 ,3 ,0 ,0 ,0 ,0 ,0 ,1 ,0 ,0 
2022,종로구,57 ,46 ,10 ,6 ,6 ,7 ,9 ,4 ,0 ,2 ,0 ,0 ,0 ,1 ,0 ,0 
2022,종로구,58 ,50 ,9 ,11 ,9 ,7 ,9 ,5 ,0 ,0 ,4 ,0 ,1 ,1 ,1 ,0 
2022,종로구,59 ,48 ,7 ,12 ,11 ,3 ,10 ,3 ,0 ,2 ,0 ,0 ,4 ,2 ,0 ,1 
2022,종로구,60 ,58 ,12 ,12 ,13 ,4 ,5 ,7 ,0 ,1 ,0 ,2 ,2 ,0 ,0 ,0 
2022,종로구,61 ,52 ,6 ,12 ,11 ,3 ,10 ,7 ,0 ,1 ,1 ,1 ,3 ,1 ,0 ,0 
2022,종로구,62 ,58 ,14 ,19 ,10 ,7 ,8 ,9 ,0 ,1 ,0 ,1 ,2 ,0 ,0 ,1 
2022,종로구,63 ,67 ,10 ,20 ,12 ,5 ,8 ,6 ,0 ,0 ,1 ,0 ,3 ,0 ,0 ,0 
2022,종로구,64 ,50 ,20 ,17 ,8 ,4 ,7 ,3 ,0 ,1 ,0 ,1 ,3 ,0 ,0 ,0 
2022,종로구,65 ,56 ,21 ,14 ,16 ,2 ,8 ,6 ,0 ,0 ,0 ,1 ,3 ,0 ,0 ,0 
2022,종로구,66 ,58 ,26 ,9 ,14 ,3 ,4 ,6 ,0 ,0 ,1 ,0 ,0 ,0 ,0 ,0 
2022,종로구,67 ,80 ,21 ,16 ,17 ,2 ,3 ,6 ,0 ,6 ,1 ,1 ,0 ,0 ,1 ,1 
2022,종로구,68 ,55 ,17 ,10 ,16 ,0 ,6 ,11 ,0 ,2 ,1 ,1 ,0 ,0 ,1 ,0 
2022,종로구,69 ,60 ,20 ,5 ,15 ,2 ,2 ,4 ,0 ,0 ,0 ,2 ,2 ,0 ,0 ,0 
2022,종로구,70 ,71 ,14 ,14 ,18 ,1 ,6 ,7 ,0 ,0 ,0 ,1 ,0 ,1 ,0 ,0 
2022,종로구,71 ,48 ,11 ,18 ,13 ,1 ,4 ,5 ,0 ,4 ,0 ,0 ,2 ,0 ,0 ,0 
2022,종로구,72 ,61 ,14 ,10 ,10 ,0 ,3 ,7 ,0 ,3 ,0 ,2 ,2 ,0 ,0 ,0 
2022,종로구,73 ,54 ,18 ,12 ,12 ,2 ,1 ,6 ,0 ,1 ,0 ,1 ,1 ,0 ,0 ,0 
2022,종로구,74 ,64 ,19 ,11 ,17 ,0 ,0 ,11 ,0 ,1 ,0 ,1 ,2 ,0 ,0 ,0 
2022,종로구,75 ,77 ,32 ,21 ,16 ,2 ,3 ,10 ,0 ,0 ,1 ,1 ,0 ,0 ,0 ,0 
2022,종로구,76 ,53 ,22 ,24 ,10 ,1 ,0 ,2 ,0 ,0 ,1 ,2 ,2 ,0 ,0 ,0 
2022,종로구,77 ,51 ,33 ,14 ,9 ,0 ,1 ,5 ,0 ,0 ,2 ,0 ,1 ,0 ,1 ,0 
2022,종로구,78 ,67 ,27 ,23 ,12 ,0 ,2 ,10 ,0 ,0 ,0 ,2 ,1 ,1 ,1 ,0 
2022,종로구,79 ,63 ,37 ,23 ,16 ,1 ,1 ,5 ,0 ,0 ,2 ,0 ,2 ,0 ,0 ,0 
2022,종로구,80 ,104 ,50 ,25 ,20 ,0 ,2 ,1 ,0 ,1 ,3 ,1 ,0 ,0 ,0 ,0 
2022,종로구,81 ,67 ,39 ,8 ,26 ,0 ,1 ,10 ,0 ,2 ,0 ,0 ,0 ,0 ,0 ,0 
2022,종로구,82 ,46 ,41 ,11 ,11 ,0 ,0 ,6 ,0 ,0 ,1 ,0 ,0 ,0 ,0 ,0 
2022,종로구,83 ,52 ,40 ,18 ,15 ,1 ,1 ,1 ,0 ,1 ,0 ,0 ,0 ,0 ,1 ,0 
2022,종로구,84 ,51 ,33 ,15 ,14 ,0 ,0 ,2 ,0 ,0 ,0 ,0 ,0 ,0 ,0 ,0 
2022,종로구,85 ,50 ,35 ,10 ,12 ,0 ,1 ,1 ,0 ,0 ,1 ,0 ,0 ,0 ,0 ,0 
2022,종로구,86 ,38 ,24 ,4 ,11 ,0 ,0 ,3 ,0 ,1 ,0 ,0 ,0 ,0 ,0 ,0 
2022,종로구,87 ,37 ,26 ,9 ,6 ,0 ,0 ,4 ,0 ,2 ,1 ,0 ,0 ,0 ,0 ,0 
2022,종로구,88 ,29 ,33 ,6 ,5 ,0 ,0 ,1 ,0 ,0 ,1 ,0 ,0 ,0 ,0 ,0 
2022,종로구,89 ,15 ,22 ,3 ,7 ,0 ,0 ,0 ,0 ,0 ,0 ,0 ,0 ,0 ,0 ,0 
2022,종로구,90 ,12 ,23 ,5 ,3 ,0 ,0 ,1 ,0 ,0 ,2 ,0 ,0 ,0 ,0 ,0 
2022,종로구,91 ,14 ,12 ,1 ,4 ,0 ,0 ,2 ,0 ,0 ,1 ,0 ,0 ,0 ,0 ,0 
2022,종로구,92 ,10 ,10 ,5 ,5 ,0 ,0 ,2 ,0 ,0 ,0 ,0 ,0 ,0 ,0 ,0 
2022,종로구,93 ,6 ,15 ,4 ,6 ,0 ,0 ,1 ,0 ,0 ,0 ,0 ,0 ,0 ,0 ,0 
2022,종로구,94 ,6 ,6 ,1 ,1 ,0 ,0 ,0 ,0 ,0 ,0 ,0 ,0 ,0 ,0 ,0 
2022,종로구,95 ,2 ,7 ,4 ,1 ,0 ,0 ,0 ,0 ,0 ,0 ,0 ,0 ,0 ,0 ,0 
2022,종로구,96 ,1 ,7 ,0 ,3 ,0 ,0 ,0 ,0 ,0 ,0 ,0 ,0 ,0 ,0 ,0 
2022,종로구,97 ,2 ,2 ,0 ,0 ,0 ,0 ,0 ,0 ,0 ,0 ,0 ,0 ,0 ,0 ,0 
2022,종로구,98 ,0 ,3 ,0 ,1 ,0 ,0 ,0 ,0 ,0 ,0 ,0 ,0 ,0 ,0 ,0 
2022,종로구,99 ,0 ,2 ,1 ,0 ,0 ,0 ,0 ,0 ,0 ,0 ,0 ,0 ,0 ,0 ,0 
2022,종로구,100 ,0 ,3 ,0 ,0 ,0 ,0 ,0 ,0 ,0 ,0 ,0 ,0 ,0 ,0 ,0 
2022,종로구,106 ,0 ,1 ,0 ,0 ,0 ,0 ,0 ,0 ,0 ,0 ,0 ,0 ,0 ,0 ,0 
2022,중구,2 ,0 ,0 ,0 ,1 ,0 ,0 ,0 ,0 ,0 ,0 ,0 ,0 ,0 ,1 ,0 
2022,중구,3 ,0 ,1 ,0 ,0 ,0 ,0 ,0 ,0 ,0 ,0 ,0 ,0 ,0 ,0 ,0 
2022,중구,4 ,0 ,0 ,0 ,0 ,2 ,0 ,0 ,0 ,0 ,0 ,0 ,0 ,0 ,0 ,0 
2022,중구,5 ,0 ,1 ,0 ,2 ,1 ,0 ,0 ,0 ,0 ,0 ,0 ,0 ,1 ,0 ,0 
2022,중구,6 ,0 ,1 ,0 ,2 ,1 ,0 ,0 ,3 ,1 ,0 ,0 ,0 ,0 ,0 ,0 
2022,중구,7 ,0 ,1 ,0 ,2 ,2 ,0 ,0 ,8 ,0 ,0 ,0 ,0 ,0 ,0 ,0 
2022,중구,8 ,0 ,0 ,0 ,0 ,5 ,0 ,0 ,1 ,0 ,0 ,0 ,0 ,0 ,0 ,0 
2022,중구,9 ,0 ,0 ,1 ,0 ,1 ,0 ,0 ,4 ,1 ,0 ,0 ,0 ,0 ,0 ,0 
2022,중구,10 ,0 ,0 ,0 ,2 ,2 ,0 ,0 ,4 ,0 ,0 ,0 ,0 ,0 ,0 ,0 
2022,중구,11 ,0 ,0 ,0 ,0 ,2 ,0 ,0 ,0 ,1 ,0 ,0 ,0 ,0 ,0 ,0 
2022,중구,12 ,0 ,0 ,0 ,1 ,3 ,0 ,0 ,1 ,0 ,1 ,0 ,0 ,0 ,0 ,0 
2022,중구,13 ,0 ,0 ,0 ,2 ,2 ,0 ,0 ,4 ,0 ,0 ,0 ,0 ,0 ,0 ,0 
2022,중구,14 ,1 ,1 ,1 ,0 ,3 ,0 ,0 ,0 ,0 ,0 ,0 ,0 ,0 ,0 ,0 
2022,중구,15 ,0 ,0 ,0 ,1 ,3 ,0 ,0 ,1 ,0 ,0 ,0 ,0 ,0 ,0 ,0 
2022,중구,16 ,1 ,1 ,0 ,0 ,2 ,0 ,0 ,5 ,0 ,0 ,0 ,0 ,0 ,0 ,0 
2022,중구,17 ,0 ,0 ,1 ,0 ,4 ,0 ,0 ,1 ,0 ,0 ,0 ,0 ,0 ,0 ,0 
2022,중구,18 ,1 ,0 ,0 ,2 ,2 ,0 ,0 ,1 ,0 ,0 ,0 ,0 ,0 ,0 ,0 
2022,중구,19 ,0 ,2 ,1 ,0 ,3 ,0 ,0 ,3 ,0 ,0 ,0 ,0 ,0 ,0 ,0 
2022,중구,20 ,0 ,0 ,1 ,1 ,5 ,0 ,0 ,3 ,0 ,0 ,0 ,0 ,0 ,0 ,0 
2022,중구,21 ,1 ,0 ,0 ,1 ,5 ,0 ,0 ,2 ,0 ,0 ,0 ,0 ,0 ,0 ,0 
2022,중구,22 ,3 ,0 ,2 ,0 ,7 ,0 ,0 ,0 ,0 ,0 ,0 ,0 ,0 ,1 ,0 
2022,중구,23 ,1 ,0 ,1 ,0 ,5 ,0 ,0 ,5 ,0 ,0 ,0 ,0 ,0 ,0 ,0 
2022,중구,24 ,1 ,1 ,0 ,0 ,3 ,0 ,0 ,1 ,0 ,0 ,0 ,0 ,0 ,0 ,0 
2022,중구,25 ,3 ,0 ,2 ,3 ,7 ,2 ,0 ,4 ,0 ,0 ,0 ,0 ,0 ,0 ,0 
2022,중구,26 ,4 ,0 ,0 ,0 ,11 ,0 ,0 ,4 ,0 ,0 ,0 ,0 ,0 ,1 ,0 
2022,중구,27 ,4 ,1 ,3 ,1 ,12 ,3 ,0 ,4 ,0 ,0 ,0 ,0 ,0 ,0 ,0 
2022,중구,28 ,2 ,0 ,2 ,0 ,14 ,0 ,0 ,3 ,0 ,0 ,0 ,0 ,0 ,0 ,0 
2022,중구,29 ,4 ,1 ,4 ,1 ,7 ,0 ,0 ,2 ,0 ,0 ,0 ,0 ,0 ,0 ,0 
2022,중구,30 ,4 ,1 ,3 ,2 ,10 ,2 ,0 ,3 ,0 ,0 ,0 ,0 ,0 ,0 ,0 
2022,중구,31 ,8 ,3 ,4 ,0 ,6 ,0 ,0 ,1 ,0 ,0 ,0 ,0 ,0 ,0 ,0 
2022,중구,32 ,2 ,0 ,1 ,1 ,5 ,1 ,2 ,2 ,0 ,0 ,0 ,0 ,1 ,0 ,0 
2022,중구,33 ,5 ,1 ,3 ,3 ,8 ,5 ,1 ,1 ,0 ,0 ,0 ,0 ,0 ,0 ,0 
2022,중구,34 ,2 ,0 ,6 ,1 ,7 ,0 ,0 ,1 ,0 ,0 ,0 ,0 ,0 ,0 ,1 
2022,중구,35 ,10 ,0 ,4 ,0 ,4 ,0 ,1 ,1 ,0 ,0 ,0 ,0 ,0 ,0 ,0 
2022,중구,36 ,7 ,1 ,3 ,2 ,6 ,4 ,2 ,0 ,0 ,0 ,0 ,0 ,0 ,0 ,1 
2022,중구,37 ,11 ,0 ,4 ,0 ,1 ,0 ,3 ,0 ,0 ,0 ,0 ,0 ,0 ,0 ,1 
2022,중구,38 ,10 ,0 ,3 ,3 ,3 ,3 ,2 ,1 ,0 ,0 ,0 ,0 ,0 ,0 ,0 
2022,중구,39 ,8 ,1 ,5 ,1 ,8 ,6 ,0 ,0 ,0 ,1 ,0 ,0 ,0 ,0 ,0 
2022,중구,40 ,10 ,3 ,6 ,1 ,2 ,4 ,1 ,0 ,0 ,0 ,0 ,0 ,0 ,0 ,0 
2022,중구,41 ,16 ,3 ,10 ,2 ,9 ,0 ,3 ,0 ,0 ,0 ,0 ,1 ,0 ,0 ,0 
2022,중구,42 ,16 ,2 ,5 ,0 ,10 ,5 ,1 ,0 ,0 ,0 ,0 ,0 ,0 ,0 ,1 
2022,중구,43 ,9 ,2 ,6 ,4 ,6 ,3 ,1 ,1 ,0 ,0 ,1 ,0 ,0 ,1 ,0 
2022,중구,44 ,17 ,1 ,5 ,2 ,6 ,1 ,0 ,1 ,0 ,1 ,0 ,1 ,0 ,0 ,0 
2022,중구,45 ,13 ,1 ,3 ,1 ,6 ,7 ,1 ,0 ,0 ,0 ,0 ,1 ,0 ,0 ,0 
2022,중구,46 ,15 ,1 ,4 ,9 ,5 ,9 ,0 ,0 ,0 ,0 ,0 ,0 ,0 ,0 ,0 
2022,중구,47 ,22 ,5 ,5 ,2 ,3 ,4 ,4 ,0 ,0 ,0 ,0 ,0 ,0 ,0 ,0 
2022,중구,48 ,23 ,3 ,4 ,7 ,7 ,2 ,1 ,0 ,0 ,0 ,1 ,0 ,0 ,0 ,0 
2022,중구,49 ,14 ,4 ,6 ,5 ,10 ,6 ,0 ,0 ,0 ,0 ,0 ,0 ,1 ,0 ,1 
2022,중구,50 ,31 ,3 ,5 ,3 ,4 ,8 ,6 ,0 ,0 ,1 ,0 ,2 ,2 ,0 ,0 
2022,중구,51 ,25 ,3 ,10 ,4 ,3 ,2 ,6 ,0 ,0 ,0 ,0 ,0 ,1 ,0 ,0 
2022,중구,52 ,18 ,7 ,14 ,7 ,6 ,8 ,5 ,0 ,0 ,1 ,1 ,1 ,0 ,0 ,0 
2022,중구,53 ,35 ,5 ,13 ,5 ,6 ,8 ,7 ,0 ,1 ,0 ,0 ,2 ,1 ,0 ,0 
2022,중구,54 ,38 ,4 ,11 ,3 ,2 ,5 ,1 ,0 ,0 ,0 ,1 ,2 ,1 ,0 ,0 
2022,중구,55 ,51 ,8 ,8 ,10 ,2 ,4 ,5 ,0 ,0 ,1 ,0 ,2 ,1 ,0 ,0 
2022,중구,56 ,38 ,8 ,10 ,9 ,5 ,2 ,7 ,0 ,1 ,0 ,0 ,1 ,1 ,1 ,0 
2022,중구,57 ,46 ,5 ,9 ,4 ,4 ,4 ,7 ,0 ,0 ,0 ,0 ,1 ,1 ,0 ,1 
2022,중구,58 ,41 ,4 ,7 ,4 ,3 ,5 ,6 ,0 ,0 ,0 ,0 ,1 ,1 ,0 ,0 
2022,중구,59 ,53 ,6 ,10 ,12 ,4 ,11 ,4 ,0 ,0 ,0 ,0 ,2 ,2 ,0 ,0 
2022,중구,60 ,58 ,13 ,17 ,12 ,3 ,10 ,4 ,0 ,0 ,0 ,1 ,0 ,3 ,0 ,0 
2022,중구,61 ,67 ,23 ,12 ,5 ,0 ,5 ,7 ,0 ,0 ,1 ,2 ,1 ,1 ,0 ,0 
2022,중구,62 ,76 ,15 ,16 ,10 ,10 ,6 ,8 ,0 ,2 ,1 ,1 ,1 ,0 ,1 ,0 
2022,중구,63 ,58 ,11 ,20 ,11 ,1 ,10 ,9 ,0 ,1 ,0 ,1 ,1 ,0 ,1 ,0 
2022,중구,64 ,60 ,19 ,10 ,8 ,3 ,7 ,14 ,0 ,2 ,2 ,3 ,1 ,0 ,0 ,0 
2022,중구,65 ,68 ,18 ,11 ,10 ,0 ,5 ,6 ,0 ,2 ,2 ,0 ,4 ,0 ,1 ,0 
2022,중구,66 ,74 ,26 ,16 ,15 ,3 ,7 ,8 ,0 ,2 ,1 ,2 ,0 ,0 ,0 ,0 
2022,중구,67 ,88 ,14 ,17 ,18 ,2 ,7 ,5 ,0 ,0 ,2 ,2 ,0 ,1 ,1 ,0 
2022,중구,68 ,64 ,20 ,24 ,19 ,2 ,6 ,11 ,0 ,2 ,1 ,1 ,0 ,0 ,0 ,1 
2022,중구,69 ,48 ,17 ,17 ,13 ,0 ,3 ,4 ,0 ,1 ,1 ,2 ,1 ,1 ,0 ,0 
2022,중구,70 ,59 ,18 ,14 ,19 ,1 ,2 ,6 ,0 ,2 ,0 ,1 ,2 ,0 ,0 ,0 
2022,중구,71 ,56 ,21 ,18 ,11 ,0 ,3 ,4 ,0 ,0 ,0 ,2 ,1 ,0 ,0 ,0 
2022,중구,72 ,63 ,16 ,18 ,15 ,2 ,3 ,6 ,0 ,1 ,3 ,2 ,1 ,0 ,0 ,0 
2022,중구,73 ,58 ,16 ,18 ,16 ,2 ,2 ,3 ,0 ,2 ,1 ,2 ,1 ,0 ,0 ,0 
2022,중구,74 ,77 ,32 ,17 ,12 ,0 ,2 ,2 ,0 ,0 ,3 ,0 ,1 ,0 ,0 ,0 
2022,중구,75 ,71 ,31 ,26 ,20 ,0 ,1 ,2 ,0 ,0 ,0 ,0 ,1 ,0 ,1 ,0 
2022,중구,76 ,63 ,25 ,16 ,15 ,0 ,1 ,7 ,0 ,3 ,4 ,2 ,1 ,0 ,0 ,1 
2022,중구,77 ,65 ,31 ,13 ,20 ,1 ,1 ,6 ,0 ,1 ,0 ,1 ,1 ,0 ,1 ,0 
2022,중구,78 ,61 ,23 ,26 ,13 ,0 ,0 ,5 ,0 ,0 ,0 ,1 ,0 ,0 ,0 ,0 
2022,중구,79 ,58 ,32 ,22 ,15 ,1 ,0 ,3 ,0 ,0 ,1 ,1 ,0 ,0 ,0 ,0 
2022,중구,80 ,87 ,45 ,22 ,20 ,0 ,0 ,6 ,0 ,0 ,1 ,1 ,0 ,0 ,0 ,0 
2022,중구,81 ,59 ,31 ,17 ,22 ,0 ,1 ,4 ,0 ,1 ,2 ,2 ,0 ,0 ,0 ,0 
2022,중구,82 ,43 ,30 ,14 ,22 ,0 ,0 ,7 ,0 ,0 ,1 ,0 ,1 ,0 ,1 ,0 
2022,중구,83 ,41 ,36 ,14 ,9 ,1 ,0 ,4 ,0 ,1 ,1 ,0 ,1 ,1 ,0 ,0 
2022,중구,84 ,40 ,36 ,13 ,6 ,0 ,0 ,4 ,0 ,0 ,0 ,1 ,0 ,0 ,0 ,0 
2022,중구,85 ,44 ,19 ,9 ,6 ,0 ,0 ,3 ,0 ,1 ,1 ,0 ,0 ,0 ,0 ,0 
2022,중구,86 ,32 ,25 ,10 ,9 ,0 ,1 ,6 ,0 ,0 ,1 ,0 ,0 ,0 ,0 ,0 
2022,중구,87 ,34 ,34 ,7 ,6 ,0 ,0 ,0 ,0 ,0 ,0 ,0 ,0 ,0 ,0 ,0 
2022,중구,88 ,26 ,21 ,7 ,11 ,0 ,0 ,0 ,0 ,0 ,0 ,0 ,1 ,0 ,0 ,0 
2022,중구,89 ,25 ,23 ,2 ,9 ,0 ,0 ,0 ,0 ,0 ,1 ,0 ,0 ,0 ,0 ,0 
2022,중구,90 ,16 ,21 ,6 ,3 ,0 ,0 ,0 ,0 ,0 ,0 ,0 ,0 ,0 ,0 ,0 
2022,중구,91 ,16 ,10 ,3 ,1 ,0 ,0 ,0 ,0 ,0 ,0 ,0 ,0 ,0 ,1 ,0 
2022,중구,92 ,12 ,8 ,0 ,0 ,0 ,0 ,0 ,0 ,0 ,0 ,0 ,0 ,0 ,0 ,0 
2022,중구,93 ,5 ,14 ,3 ,2 ,0 ,0 ,0 ,0 ,0 ,2 ,0 ,0 ,0 ,0 ,0 
2022,중구,94 ,6 ,12 ,3 ,0 ,0 ,0 ,0 ,0 ,0 ,0 ,0 ,0 ,0 ,0 ,0 
2022,중구,95 ,6 ,14 ,4 ,1 ,0 ,0 ,1 ,0 ,0 ,0 ,0 ,0 ,0 ,0 ,0 
2022,중구,96 ,1 ,3 ,1 ,0 ,0 ,0 ,0 ,0 ,0 ,0 ,0 ,0 ,0 ,0 ,0 
2022,중구,97 ,1 ,5 ,0 ,0 ,0 ,0 ,0 ,0 ,0 ,0 ,0 ,0 ,0 ,0 ,0 
2022,중구,98 ,1 ,6 ,0 ,0 ,0 ,0 ,0 ,0 ,0 ,0 ,0 ,0 ,0 ,0 ,0 
2022,중구,99 ,0 ,2 ,0 ,0 ,0 ,0 ,0 ,0 ,0 ,0 ,0 ,0 ,0 ,0 ,0 
2022,중구,100 ,0 ,1 ,0 ,0 ,0 ,0 ,0 ,0 ,0 ,0 ,0 ,0 ,0 ,0 ,0 
2022,중구,101 ,0 ,1 ,0 ,0 ,0 ,0 ,0 ,0 ,0 ,0 ,0 ,0 ,0 ,0 ,0 
2022,용산구,2 ,0 ,1 ,0 ,1 ,0 ,0 ,0 ,0 ,0 ,1 ,0 ,0 ,0 ,0 ,0 
2022,용산구,3 ,0 ,1 ,0 ,6 ,0 ,0 ,0 ,0 ,0 ,0 ,0 ,0 ,0 ,0 ,0 
2022,용산구,4 ,2 ,1 ,0 ,4 ,0 ,0 ,0 ,2 ,0 ,0 ,0 ,0 ,0 ,0 ,0 
2022,용산구,5 ,0 ,0 ,0 ,3 ,2 ,0 ,0 ,4 ,1 ,0 ,0 ,1 ,0 ,0 ,0 
2022,용산구,6 ,0 ,2 ,0 ,1 ,7 ,0 ,0 ,9 ,1 ,0 ,0 ,0 ,0 ,0 ,0 
2022,용산구,7 ,0 ,0 ,0 ,4 ,5 ,0 ,0 ,9 ,1 ,0 ,0 ,0 ,0 ,0 ,0 
2022,용산구,8 ,0 ,0 ,1 ,2 ,3 ,0 ,0 ,3 ,2 ,0 ,0 ,0 ,1 ,0 ,0 
2022,용산구,9 ,0 ,0 ,0 ,4 ,4 ,0 ,0 ,12 ,0 ,0 ,0 ,0 ,0 ,0 ,0 
2022,용산구,10 ,0 ,0 ,1 ,0 ,16 ,0 ,1 ,10 ,0 ,0 ,0 ,1 ,0 ,0 ,0 
2022,용산구,11 ,0 ,0 ,0 ,1 ,7 ,0 ,0 ,4 ,0 ,0 ,0 ,0 ,0 ,0 ,0 
2022,용산구,12 ,1 ,0 ,0 ,1 ,13 ,0 ,0 ,8 ,0 ,0 ,0 ,0 ,0 ,0 ,0 
2022,용산구,13 ,0 ,1 ,1 ,2 ,11 ,0 ,0 ,5 ,0 ,0 ,0 ,0 ,1 ,0 ,0 
2022,용산구,14 ,0 ,0 ,1 ,1 ,7 ,0 ,0 ,5 ,0 ,0 ,0 ,0 ,0 ,0 ,0 
2022,용산구,15 ,0 ,0 ,0 ,1 ,6 ,0 ,0 ,6 ,0 ,0 ,0 ,0 ,0 ,0 ,0 
2022,용산구,16 ,0 ,0 ,1 ,1 ,2 ,0 ,0 ,4 ,1 ,0 ,0 ,0 ,0 ,0 ,0 
2022,용산구,17 ,1 ,1 ,0 ,3 ,7 ,0 ,0 ,2 ,0 ,0 ,0 ,0 ,0 ,0 ,0 
2022,용산구,18 ,1 ,4 ,0 ,4 ,13 ,1 ,0 ,2 ,0 ,1 ,0 ,0 ,0 ,0 ,0 
2022,용산구,19 ,0 ,3 ,1 ,5 ,10 ,0 ,1 ,1 ,0 ,0 ,0 ,0 ,0 ,1 ,0 
2022,용산구,20 ,3 ,2 ,3 ,5 ,8 ,0 ,0 ,2 ,0 ,0 ,0 ,0 ,0 ,0 ,0 
2022,용산구,21 ,1 ,0 ,0 ,3 ,8 ,0 ,0 ,4 ,0 ,0 ,0 ,0 ,0 ,0 ,0 
2022,용산구,22 ,4 ,2 ,3 ,3 ,16 ,0 ,0 ,1 ,0 ,0 ,0 ,0 ,0 ,0 ,0 
2022,용산구,23 ,3 ,1 ,0 ,1 ,13 ,0 ,1 ,6 ,0 ,0 ,0 ,0 ,1 ,0 ,0 
2022,용산구,24 ,6 ,0 ,0 ,2 ,8 ,1 ,1 ,4 ,0 ,0 ,0 ,0 ,0 ,0 ,0 
2022,용산구,25 ,5 ,3 ,4 ,0 ,12 ,1 ,0 ,2 ,0 ,0 ,0 ,0 ,0 ,0 ,0 
2022,용산구,26 ,7 ,3 ,2 ,5 ,13 ,0 ,0 ,5 ,0 ,0 ,0 ,0 ,0 ,0 ,0 
2022,용산구,27 ,4 ,3 ,1 ,0 ,10 ,3 ,1 ,4 ,0 ,0 ,0 ,1 ,1 ,0 ,0 
2022,용산구,28 ,7 ,4 ,2 ,0 ,12 ,1 ,2 ,5 ,0 ,0 ,0 ,0 ,2 ,0 ,0 
2022,용산구,29 ,12 ,2 ,6 ,2 ,12 ,1 ,0 ,1 ,0 ,0 ,0 ,0 ,0 ,0 ,0 
2022,용산구,30 ,7 ,1 ,7 ,3 ,8 ,3 ,3 ,3 ,0 ,0 ,0 ,0 ,0 ,0 ,0 
2022,용산구,31 ,7 ,3 ,5 ,3 ,12 ,2 ,2 ,2 ,0 ,0 ,1 ,0 ,0 ,0 ,0 
2022,용산구,32 ,9 ,1 ,7 ,2 ,9 ,0 ,0 ,4 ,0 ,1 ,0 ,0 ,1 ,0 ,0 
2022,용산구,33 ,9 ,6 ,5 ,2 ,9 ,1 ,0 ,6 ,0 ,0 ,0 ,1 ,0 ,0 ,0 
2022,용산구,34 ,16 ,2 ,7 ,5 ,6 ,1 ,2 ,3 ,0 ,0 ,0 ,0 ,1 ,0 ,0 
2022,용산구,35 ,7 ,1 ,3 ,2 ,13 ,1 ,1 ,0 ,0 ,1 ,0 ,0 ,0 ,0 ,0 
2022,용산구,36 ,9 ,5 ,4 ,5 ,13 ,1 ,1 ,2 ,1 ,0 ,0 ,0 ,0 ,0 ,0 
2022,용산구,37 ,14 ,2 ,8 ,2 ,9 ,3 ,3 ,1 ,2 ,0 ,0 ,0 ,0 ,0 ,0 
2022,용산구,38 ,9 ,3 ,6 ,1 ,8 ,4 ,1 ,0 ,1 ,0 ,0 ,0 ,0 ,0 ,0 
2022,용산구,39 ,19 ,3 ,0 ,3 ,4 ,4 ,1 ,0 ,0 ,0 ,0 ,1 ,0 ,1 ,0 
2022,용산구,40 ,18 ,6 ,1 ,6 ,11 ,4 ,1 ,1 ,1 ,0 ,1 ,0 ,0 ,0 ,0 
2022,용산구,41 ,19 ,1 ,9 ,3 ,8 ,6 ,1 ,0 ,1 ,0 ,0 ,0 ,0 ,0 ,0 
2022,용산구,42 ,18 ,4 ,9 ,4 ,16 ,5 ,2 ,0 ,2 ,1 ,0 ,0 ,0 ,0 ,1 
2022,용산구,43 ,19 ,3 ,9 ,3 ,15 ,6 ,2 ,0 ,0 ,0 ,0 ,0 ,0 ,0 ,0 
2022,용산구,44 ,21 ,1 ,4 ,2 ,7 ,5 ,0 ,0 ,0 ,0 ,0 ,1 ,0 ,0 ,0 
2022,용산구,45 ,18 ,5 ,8 ,6 ,13 ,3 ,2 ,0 ,0 ,0 ,0 ,0 ,0 ,0 ,0 
2022,용산구,46 ,25 ,5 ,9 ,5 ,7 ,7 ,7 ,0 ,0 ,0 ,0 ,0 ,1 ,1 ,0 
2022,용산구,47 ,24 ,3 ,7 ,3 ,13 ,4 ,4 ,0 ,1 ,0 ,0 ,1 ,0 ,0 ,0 
2022,용산구,48 ,39 ,4 ,6 ,9 ,6 ,9 ,5 ,0 ,1 ,0 ,1 ,0 ,0 ,1 ,0 
2022,용산구,49 ,40 ,5 ,14 ,6 ,4 ,2 ,11 ,0 ,3 ,0 ,0 ,2 ,0 ,0 ,0 
2022,용산구,50 ,29 ,4 ,9 ,2 ,6 ,9 ,4 ,0 ,1 ,1 ,0 ,1 ,1 ,1 ,0 
2022,용산구,51 ,28 ,10 ,11 ,11 ,8 ,12 ,3 ,0 ,1 ,1 ,2 ,5 ,0 ,0 ,0 
2022,용산구,52 ,40 ,6 ,13 ,7 ,7 ,9 ,9 ,0 ,2 ,1 ,0 ,3 ,2 ,0 ,2 
2022,용산구,53 ,58 ,4 ,16 ,9 ,12 ,10 ,10 ,0 ,2 ,0 ,1 ,2 ,1 ,0 ,0 
2022,용산구,54 ,62 ,5 ,9 ,6 ,6 ,14 ,11 ,0 ,0 ,0 ,2 ,1 ,1 ,2 ,0 
2022,용산구,55 ,50 ,10 ,11 ,9 ,5 ,8 ,18 ,0 ,2 ,2 ,1 ,2 ,0 ,1 ,0 
2022,용산구,56 ,52 ,6 ,13 ,10 ,9 ,6 ,8 ,0 ,0 ,1 ,1 ,1 ,1 ,0 ,0 
2022,용산구,57 ,54 ,8 ,17 ,5 ,4 ,11 ,7 ,0 ,1 ,2 ,0 ,2 ,0 ,1 ,0 
2022,용산구,58 ,64 ,9 ,20 ,11 ,8 ,10 ,6 ,0 ,2 ,0 ,1 ,3 ,0 ,0 ,1 
2022,용산구,59 ,51 ,15 ,13 ,8 ,7 ,11 ,8 ,0 ,3 ,0 ,3 ,2 ,0 ,0 ,0 
2022,용산구,60 ,64 ,9 ,27 ,9 ,4 ,12 ,15 ,0 ,0 ,0 ,1 ,4 ,0 ,0 ,0 
2022,용산구,61 ,87 ,14 ,20 ,15 ,4 ,9 ,7 ,0 ,2 ,1 ,2 ,1 ,0 ,0 ,1 
2022,용산구,62 ,73 ,9 ,19 ,14 ,5 ,11 ,10 ,0 ,0 ,0 ,1 ,2 ,0 ,0 ,0 
2022,용산구,63 ,84 ,28 ,24 ,10 ,4 ,4 ,14 ,0 ,1 ,2 ,0 ,2 ,2 ,1 ,0 
2022,용산구,64 ,72 ,19 ,25 ,15 ,1 ,5 ,8 ,0 ,3 ,3 ,2 ,3 ,0 ,0 ,0 
2022,용산구,65 ,74 ,23 ,19 ,13 ,1 ,7 ,12 ,0 ,4 ,1 ,1 ,3 ,0 ,0 ,0 
2022,용산구,66 ,90 ,15 ,30 ,20 ,2 ,5 ,12 ,0 ,1 ,0 ,2 ,6 ,1 ,0 ,0 
2022,용산구,67 ,73 ,12 ,20 ,16 ,2 ,7 ,9 ,0 ,2 ,0 ,2 ,2 ,1 ,0 ,0 
2022,용산구,68 ,101 ,21 ,24 ,21 ,2 ,6 ,6 ,0 ,1 ,2 ,3 ,4 ,0 ,0 ,0 
2022,용산구,69 ,73 ,12 ,19 ,15 ,0 ,7 ,9 ,0 ,0 ,3 ,1 ,2 ,1 ,0 ,0 
2022,용산구,70 ,82 ,16 ,19 ,24 ,3 ,9 ,9 ,0 ,1 ,0 ,0 ,3 ,0 ,0 ,0 
2022,용산구,71 ,67 ,21 ,23 ,13 ,2 ,2 ,6 ,0 ,1 ,3 ,3 ,1 ,0 ,1 ,0 
2022,용산구,72 ,62 ,30 ,25 ,23 ,0 ,1 ,9 ,0 ,1 ,2 ,2 ,2 ,0 ,0 ,0 
2022,용산구,73 ,85 ,26 ,27 ,20 ,0 ,2 ,7 ,0 ,0 ,2 ,2 ,1 ,0 ,0 ,0 
2022,용산구,74 ,93 ,34 ,26 ,13 ,2 ,4 ,9 ,0 ,1 ,3 ,1 ,0 ,0 ,0 ,0 
2022,용산구,75 ,97 ,37 ,21 ,24 ,3 ,1 ,4 ,0 ,2 ,3 ,3 ,1 ,1 ,0 ,0 
2022,용산구,76 ,77 ,31 ,23 ,24 ,0 ,0 ,6 ,0 ,1 ,2 ,0 ,1 ,0 ,0 ,0 
2022,용산구,77 ,72 ,38 ,22 ,14 ,0 ,2 ,10 ,0 ,0 ,1 ,2 ,0 ,0 ,1 ,0 
2022,용산구,78 ,77 ,32 ,22 ,16 ,0 ,0 ,10 ,0 ,1 ,2 ,0 ,0 ,0 ,1 ,0 
2022,용산구,79 ,86 ,44 ,22 ,20 ,0 ,2 ,6 ,0 ,1 ,2 ,0 ,0 ,0 ,2 ,0 
2022,용산구,80 ,99 ,50 ,26 ,21 ,1 ,0 ,6 ,0 ,0 ,5 ,1 ,0 ,0 ,1 ,0 
2022,용산구,81 ,66 ,61 ,10 ,18 ,1 ,1 ,8 ,0 ,0 ,5 ,2 ,0 ,0 ,0 ,0 
2022,용산구,82 ,77 ,43 ,21 ,18 ,1 ,0 ,9 ,0 ,0 ,2 ,0 ,1 ,0 ,0 ,0 
2022,용산구,83 ,67 ,46 ,20 ,27 ,0 ,1 ,9 ,0 ,1 ,3 ,1 ,0 ,0 ,2 ,0 
2022,용산구,84 ,59 ,55 ,18 ,23 ,0 ,0 ,2 ,0 ,2 ,2 ,0 ,1 ,1 ,0 ,0 
2022,용산구,85 ,65 ,36 ,17 ,16 ,0 ,0 ,5 ,0 ,1 ,2 ,0 ,0 ,0 ,0 ,0 
2022,용산구,86 ,46 ,40 ,17 ,8 ,0 ,0 ,2 ,0 ,0 ,1 ,0 ,0 ,0 ,1 ,0 
2022,용산구,87 ,45 ,38 ,12 ,11 ,0 ,0 ,5 ,0 ,1 ,1 ,0 ,0 ,0 ,0 ,0 
2022,용산구,88 ,35 ,36 ,7 ,13 ,0 ,0 ,2 ,0 ,0 ,1 ,0 ,0 ,0 ,0 ,0 
2022,용산구,89 ,31 ,26 ,8 ,7 ,0 ,0 ,2 ,0 ,1 ,2 ,0 ,0 ,0 ,0 ,0 
2022,용산구,90 ,23 ,26 ,8 ,6 ,0 ,0 ,2 ,0 ,1 ,1 ,0 ,0 ,0 ,0 ,0 
2022,용산구,91 ,17 ,30 ,5 ,2 ,0 ,0 ,2 ,0 ,0 ,0 ,0 ,0 ,0 ,0 ,0 
2022,용산구,92 ,14 ,18 ,4 ,1 ,0 ,0 ,0 ,0 ,0 ,1 ,0 ,0 ,0 ,0 ,0 
2022,용산구,93 ,6 ,10 ,3 ,2 ,0 ,0 ,1 ,0 ,0 ,1 ,0 ,0 ,0 ,0 ,0 
2022,용산구,94 ,6 ,9 ,2 ,3 ,0 ,0 ,1 ,0 ,0 ,0 ,0 ,0 ,0 ,0 ,0 
2022,용산구,95 ,3 ,6 ,0 ,1 ,0 ,0 ,0 ,0 ,0 ,0 ,0 ,0 ,0 ,0 ,0 
2022,용산구,96 ,1 ,6 ,2 ,0 ,0 ,0 ,0 ,0 ,0 ,0 ,0 ,0 ,0 ,0 ,0 
2022,용산구,97 ,2 ,5 ,1 ,0 ,0 ,0 ,0 ,0 ,0 ,0 ,1 ,0 ,0 ,0 ,0 
2022,용산구,98 ,2 ,4 ,0 ,0 ,0 ,0 ,0 ,0 ,0 ,0 ,0 ,0 ,0 ,0 ,0 
2022,용산구,99 ,0 ,3 ,0 ,1 ,0 ,0 ,0 ,0 ,0 ,0 ,0 ,0 ,0 ,0 ,0 
2022,용산구,101 ,0 ,1 ,0 ,0 ,0 ,0 ,0 ,0 ,0 ,0 ,0 ,0 ,0 ,0 ,0 
2022,용산구,103 ,0 ,1 ,0 ,0 ,0 ,0 ,0 ,0 ,0 ,0 ,0 ,0 ,0 ,0 ,0 
2022,용산구,106 ,0 ,0 ,1 ,0 ,0 ,0 ,0 ,0 ,0 ,0 ,0 ,0 ,0 ,0 ,0 
2022,용산구,109 ,0 ,1 ,0 ,0 ,0 ,0 ,0 ,0 ,0 ,0 ,0 ,0 ,0 ,0 ,0 
2022,성동구,1 ,0 ,0 ,0 ,3 ,0 ,0 ,0 ,0 ,0 ,0 ,0 ,0 ,0 ,0 ,0 
2022,성동구,2 ,0 ,0 ,0 ,3 ,0 ,0 ,0 ,0 ,0 ,0 ,0 ,0 ,0 ,0 ,0 
2022,성동구,3 ,0 ,2 ,0 ,2 ,1 ,0 ,0 ,1 ,1 ,0 ,0 ,0 ,0 ,0 ,0 
2022,성동구,4 ,0 ,1 ,0 ,4 ,0 ,0 ,0 ,5 ,2 ,0 ,0 ,1 ,0 ,0 ,0 
2022,성동구,5 ,0 ,1 ,0 ,3 ,2 ,0 ,0 ,6 ,5 ,0 ,0 ,0 ,0 ,1 ,0 
2022,성동구,6 ,0 ,3 ,0 ,1 ,5 ,0 ,0 ,15 ,5 ,0 ,0 ,0 ,0 ,0 ,0 
2022,성동구,7 ,0 ,0 ,0 ,2 ,7 ,0 ,0 ,10 ,2 ,0 ,0 ,0 ,0 ,0 ,0 
2022,성동구,8 ,2 ,1 ,0 ,4 ,6 ,0 ,0 ,12 ,4 ,0 ,0 ,0 ,0 ,0 ,0 
2022,성동구,9 ,1 ,1 ,0 ,2 ,14 ,0 ,0 ,10 ,1 ,0 ,0 ,0 ,0 ,0 ,0 
2022,성동구,10 ,0 ,1 ,1 ,2 ,7 ,0 ,0 ,8 ,0 ,0 ,0 ,0 ,0 ,0 ,1 
2022,성동구,11 ,0 ,2 ,0 ,3 ,7 ,0 ,0 ,9 ,1 ,0 ,0 ,0 ,0 ,0 ,0 
2022,성동구,12 ,0 ,0 ,0 ,1 ,12 ,0 ,0 ,3 ,0 ,0 ,0 ,0 ,0 ,0 ,0 
2022,성동구,13 ,0 ,0 ,0 ,0 ,5 ,0 ,0 ,9 ,0 ,0 ,0 ,0 ,0 ,1 ,0 
2022,성동구,14 ,2 ,0 ,0 ,1 ,9 ,0 ,0 ,6 ,0 ,0 ,0 ,0 ,1 ,0 ,0 
2022,성동구,15 ,0 ,1 ,1 ,2 ,11 ,0 ,0 ,6 ,1 ,0 ,0 ,0 ,0 ,1 ,0 
2022,성동구,16 ,2 ,0 ,0 ,3 ,5 ,0 ,0 ,5 ,0 ,0 ,0 ,1 ,0 ,0 ,0 
2022,성동구,17 ,1 ,0 ,1 ,0 ,14 ,0 ,0 ,4 ,0 ,0 ,0 ,1 ,0 ,0 ,0 
2022,성동구,18 ,2 ,0 ,0 ,1 ,13 ,0 ,0 ,3 ,0 ,0 ,0 ,0 ,1 ,0 ,0 
2022,성동구,19 ,4 ,0 ,0 ,2 ,10 ,0 ,0 ,3 ,0 ,0 ,0 ,0 ,0 ,0 ,0 
2022,성동구,20 ,4 ,1 ,2 ,2 ,18 ,0 ,0 ,7 ,1 ,0 ,0 ,0 ,0 ,0 ,0 
2022,성동구,21 ,5 ,1 ,5 ,2 ,16 ,0 ,0 ,8 ,0 ,0 ,0 ,0 ,0 ,1 ,0 
2022,성동구,22 ,1 ,2 ,1 ,3 ,19 ,1 ,0 ,6 ,1 ,0 ,0 ,0 ,1 ,3 ,0 
2022,성동구,23 ,6 ,1 ,6 ,2 ,19 ,2 ,1 ,9 ,1 ,0 ,0 ,0 ,0 ,0 ,0 
2022,성동구,24 ,3 ,3 ,4 ,4 ,24 ,0 ,0 ,8 ,0 ,0 ,0 ,1 ,0 ,1 ,0 
2022,성동구,25 ,5 ,1 ,2 ,3 ,23 ,0 ,2 ,10 ,0 ,0 ,0 ,0 ,0 ,0 ,0 
2022,성동구,26 ,7 ,2 ,1 ,4 ,32 ,0 ,1 ,5 ,1 ,0 ,0 ,0 ,0 ,1 ,0 
2022,성동구,27 ,9 ,4 ,5 ,4 ,20 ,3 ,0 ,8 ,0 ,0 ,0 ,0 ,1 ,1 ,0 
2022,성동구,28 ,11 ,3 ,1 ,5 ,18 ,3 ,0 ,4 ,0 ,0 ,0 ,0 ,0 ,1 ,0 
2022,성동구,29 ,5 ,2 ,2 ,4 ,14 ,6 ,2 ,3 ,1 ,0 ,0 ,0 ,0 ,0 ,0 
2022,성동구,30 ,14 ,5 ,4 ,3 ,11 ,5 ,4 ,6 ,0 ,0 ,0 ,1 ,1 ,0 ,0 
2022,성동구,31 ,9 ,0 ,4 ,3 ,17 ,2 ,3 ,6 ,0 ,0 ,0 ,0 ,1 ,1 ,0 
2022,성동구,32 ,9 ,2 ,6 ,6 ,20 ,2 ,0 ,3 ,0 ,1 ,0 ,1 ,0 ,1 ,0 
2022,성동구,33 ,9 ,2 ,3 ,2 ,15 ,6 ,2 ,1 ,0 ,0 ,0 ,0 ,0 ,0 ,0 
2022,성동구,34 ,16 ,3 ,4 ,6 ,10 ,7 ,0 ,4 ,0 ,0 ,0 ,0 ,0 ,1 ,1 
2022,성동구,35 ,16 ,3 ,3 ,1 ,15 ,3 ,1 ,3 ,0 ,0 ,0 ,1 ,0 ,0 ,0 
2022,성동구,36 ,12 ,2 ,6 ,2 ,14 ,1 ,2 ,1 ,0 ,0 ,0 ,0 ,0 ,0 ,0 
2022,성동구,37 ,14 ,5 ,5 ,1 ,9 ,3 ,1 ,2 ,1 ,1 ,0 ,0 ,0 ,0 ,0 
2022,성동구,38 ,17 ,2 ,6 ,2 ,10 ,2 ,1 ,1 ,0 ,0 ,0 ,0 ,1 ,0 ,0 
2022,성동구,39 ,23 ,2 ,11 ,2 ,6 ,9 ,4 ,0 ,0 ,0 ,0 ,0 ,0 ,0 ,0 
2022,성동구,40 ,21 ,3 ,9 ,5 ,16 ,5 ,4 ,0 ,1 ,0 ,0 ,0 ,0 ,0 ,0 
2022,성동구,41 ,35 ,8 ,10 ,5 ,9 ,8 ,5 ,0 ,0 ,0 ,0 ,0 ,0 ,0 ,0 
2022,성동구,42 ,24 ,4 ,3 ,7 ,6 ,8 ,7 ,0 ,0 ,0 ,1 ,0 ,3 ,0 ,0 
2022,성동구,43 ,33 ,6 ,4 ,7 ,11 ,7 ,4 ,0 ,0 ,0 ,0 ,0 ,0 ,0 ,0 
2022,성동구,44 ,26 ,1 ,10 ,4 ,9 ,4 ,5 ,0 ,0 ,0 ,1 ,1 ,0 ,0 ,0 
2022,성동구,45 ,33 ,5 ,10 ,3 ,8 ,12 ,7 ,1 ,0 ,0 ,0 ,0 ,2 ,1 ,0 
2022,성동구,46 ,45 ,11 ,9 ,3 ,11 ,6 ,5 ,0 ,0 ,0 ,0 ,0 ,1 ,0 ,0 
2022,성동구,47 ,33 ,3 ,11 ,9 ,8 ,9 ,10 ,0 ,1 ,0 ,0 ,0 ,2 ,2 ,0 
2022,성동구,48 ,44 ,6 ,16 ,4 ,10 ,6 ,4 ,0 ,1 ,0 ,1 ,0 ,2 ,0 ,0 
2022,성동구,49 ,44 ,8 ,11 ,9 ,8 ,15 ,4 ,0 ,0 ,0 ,0 ,1 ,0 ,0 ,2 
2022,성동구,50 ,50 ,8 ,18 ,12 ,12 ,10 ,9 ,0 ,1 ,1 ,0 ,3 ,2 ,0 ,0 
2022,성동구,51 ,53 ,5 ,16 ,10 ,9 ,10 ,9 ,0 ,2 ,1 ,1 ,1 ,1 ,0 ,2 
2022,성동구,52 ,52 ,10 ,17 ,10 ,12 ,13 ,15 ,0 ,2 ,2 ,0 ,3 ,2 ,0 ,0 
2022,성동구,53 ,70 ,9 ,21 ,12 ,8 ,14 ,8 ,0 ,1 ,1 ,0 ,4 ,0 ,0 ,0 
2022,성동구,54 ,79 ,14 ,18 ,19 ,12 ,17 ,14 ,0 ,1 ,1 ,0 ,2 ,0 ,0 ,0 
2022,성동구,55 ,93 ,14 ,16 ,9 ,12 ,15 ,4 ,0 ,2 ,0 ,1 ,2 ,1 ,0 ,0 
2022,성동구,56 ,94 ,13 ,25 ,12 ,6 ,10 ,12 ,0 ,0 ,1 ,2 ,0 ,1 ,0 ,2 
2022,성동구,57 ,77 ,15 ,15 ,19 ,7 ,9 ,10 ,0 ,1 ,0 ,0 ,1 ,1 ,0 ,0 
2022,성동구,58 ,95 ,14 ,32 ,23 ,5 ,5 ,14 ,0 ,4 ,1 ,0 ,5 ,1 ,0 ,0 
2022,성동구,59 ,113 ,24 ,22 ,22 ,4 ,14 ,19 ,0 ,1 ,1 ,0 ,4 ,0 ,0 ,0 
2022,성동구,60 ,118 ,17 ,22 ,26 ,7 ,15 ,16 ,0 ,2 ,2 ,1 ,4 ,1 ,0 ,1 
2022,성동구,61 ,142 ,27 ,27 ,29 ,7 ,14 ,19 ,0 ,3 ,2 ,1 ,5 ,6 ,1 ,0 
2022,성동구,62 ,149 ,29 ,30 ,32 ,7 ,17 ,18 ,0 ,3 ,2 ,3 ,2 ,0 ,0 ,0 
2022,성동구,63 ,113 ,27 ,32 ,17 ,4 ,14 ,20 ,0 ,4 ,2 ,4 ,2 ,2 ,1 ,1 
2022,성동구,64 ,151 ,26 ,24 ,28 ,4 ,13 ,19 ,0 ,0 ,0 ,3 ,2 ,1 ,1 ,1 
2022,성동구,65 ,152 ,43 ,24 ,23 ,4 ,9 ,15 ,0 ,2 ,5 ,3 ,4 ,0 ,0 ,0 
2022,성동구,66 ,146 ,34 ,31 ,29 ,8 ,13 ,16 ,0 ,2 ,2 ,4 ,6 ,1 ,2 ,0 
2022,성동구,67 ,128 ,34 ,32 ,33 ,3 ,7 ,11 ,0 ,2 ,3 ,5 ,2 ,1 ,0 ,0 
2022,성동구,68 ,123 ,28 ,24 ,38 ,1 ,4 ,13 ,0 ,2 ,2 ,1 ,4 ,0 ,1 ,1 
2022,성동구,69 ,107 ,33 ,25 ,32 ,8 ,5 ,12 ,0 ,3 ,1 ,3 ,3 ,2 ,0 ,0 
2022,성동구,70 ,141 ,29 ,30 ,27 ,2 ,10 ,13 ,0 ,0 ,2 ,3 ,4 ,0 ,0 ,0 
2022,성동구,71 ,108 ,29 ,12 ,22 ,0 ,3 ,10 ,0 ,2 ,2 ,9 ,3 ,0 ,0 ,0 
2022,성동구,72 ,125 ,32 ,19 ,21 ,1 ,6 ,7 ,0 ,3 ,4 ,5 ,3 ,0 ,0 ,0 
2022,성동구,73 ,145 ,50 ,29 ,31 ,1 ,1 ,5 ,0 ,3 ,2 ,2 ,1 ,0 ,0 ,0 
2022,성동구,74 ,129 ,46 ,28 ,29 ,1 ,3 ,9 ,0 ,2 ,2 ,3 ,3 ,0 ,0 ,0 
2022,성동구,75 ,136 ,54 ,34 ,39 ,0 ,1 ,11 ,0 ,3 ,5 ,5 ,2 ,0 ,0 ,0 
2022,성동구,76 ,111 ,46 ,23 ,31 ,0 ,5 ,10 ,0 ,3 ,7 ,3 ,1 ,0 ,1 ,0 
2022,성동구,77 ,97 ,47 ,21 ,34 ,2 ,2 ,11 ,0 ,2 ,1 ,2 ,1 ,0 ,1 ,0 
2022,성동구,78 ,117 ,60 ,25 ,37 ,0 ,1 ,14 ,0 ,3 ,4 ,3 ,0 ,0 ,2 ,0 
2022,성동구,79 ,123 ,60 ,32 ,40 ,1 ,0 ,5 ,0 ,3 ,6 ,2 ,1 ,0 ,2 ,0 
2022,성동구,80 ,148 ,83 ,31 ,40 ,0 ,1 ,10 ,0 ,0 ,6 ,2 ,1 ,0 ,0 ,0 
2022,성동구,81 ,119 ,61 ,29 ,28 ,0 ,1 ,11 ,0 ,2 ,5 ,4 ,0 ,0 ,0 ,0 
2022,성동구,82 ,111 ,64 ,21 ,27 ,0 ,0 ,5 ,0 ,0 ,0 ,3 ,1 ,0 ,0 ,0 
2022,성동구,83 ,96 ,69 ,25 ,31 ,0 ,2 ,6 ,0 ,2 ,3 ,0 ,0 ,0 ,0 ,0 
2022,성동구,84 ,99 ,57 ,16 ,27 ,1 ,0 ,4 ,0 ,1 ,2 ,1 ,1 ,0 ,0 ,0 
2022,성동구,85 ,89 ,80 ,15 ,8 ,0 ,0 ,6 ,0 ,1 ,1 ,0 ,0 ,0 ,0 ,0 
2022,성동구,86 ,73 ,54 ,15 ,11 ,0 ,1 ,2 ,0 ,1 ,1 ,0 ,0 ,1 ,2 ,0 
2022,성동구,87 ,62 ,47 ,22 ,9 ,1 ,0 ,3 ,0 ,0 ,1 ,1 ,0 ,0 ,0 ,0 
2022,성동구,88 ,45 ,55 ,8 ,10 ,0 ,0 ,1 ,0 ,0 ,5 ,0 ,0 ,0 ,0 ,0 
2022,성동구,89 ,45 ,26 ,7 ,10 ,0 ,0 ,0 ,0 ,0 ,0 ,0 ,0 ,0 ,0 ,0 
2022,성동구,90 ,28 ,29 ,2 ,6 ,0 ,0 ,2 ,0 ,0 ,1 ,0 ,0 ,0 ,0 ,0 
2022,성동구,91 ,18 ,24 ,6 ,5 ,0 ,0 ,0 ,0 ,0 ,0 ,0 ,0 ,0 ,0 ,0 
2022,성동구,92 ,15 ,28 ,3 ,6 ,0 ,0 ,0 ,0 ,0 ,1 ,0 ,0 ,0 ,0 ,0 
2022,성동구,93 ,15 ,20 ,2 ,3 ,0 ,0 ,0 ,0 ,1 ,0 ,0 ,0 ,0 ,0 ,0 
2022,성동구,94 ,3 ,14 ,1 ,3 ,0 ,0 ,0 ,0 ,0 ,1 ,0 ,0 ,0 ,0 ,0 
2022,성동구,95 ,9 ,6 ,1 ,1 ,0 ,0 ,0 ,0 ,0 ,0 ,0 ,0 ,0 ,0 ,0 
2022,성동구,96 ,4 ,3 ,0 ,1 ,0 ,0 ,0 ,0 ,0 ,0 ,0 ,0 ,0 ,0 ,0 
2022,성동구,97 ,2 ,4 ,0 ,1 ,0 ,0 ,0 ,0 ,0 ,0 ,0 ,0 ,0 ,0 ,0 
2022,성동구,98 ,0 ,1 ,0 ,0 ,0 ,0 ,0 ,0 ,0 ,0 ,0 ,0 ,0 ,0 ,0 
2022,성동구,99 ,2 ,2 ,2 ,0 ,0 ,0 ,0 ,0 ,0 ,0 ,0 ,0 ,0 ,0 ,0 
2022,성동구,100 ,0 ,2 ,0 ,0 ,0 ,0 ,0 ,0 ,0 ,0 ,0 ,0 ,0 ,0 ,0 
2022,성동구,101 ,1 ,0 ,0 ,0 ,0 ,0 ,0 ,0 ,0 ,0 ,0 ,0 ,0 ,0 ,0 
2022,성동구,102 ,1 ,1 ,1 ,0 ,0 ,0 ,0 ,0 ,0 ,0 ,0 ,0 ,0 ,0 ,0 
2022,성동구,103 ,1 ,0 ,0 ,0 ,0 ,0 ,0 ,0 ,0 ,0 ,0 ,0 ,0 ,0 ,0 
2022,광진구,1 ,0 ,0 ,0 ,1 ,0 ,0 ,0 ,0 ,0 ,0 ,0 ,0 ,0 ,0 ,0 
2022,광진구,2 ,0 ,1 ,0 ,3 ,0 ,0 ,0 ,0 ,0 ,0 ,0 ,0 ,0 ,0 ,0 
2022,광진구,3 ,0 ,0 ,0 ,3 ,0 ,0 ,0 ,2 ,1 ,0 ,0 ,0 ,0 ,0 ,0 
2022,광진구,4 ,0 ,0 ,0 ,1 ,2 ,0 ,0 ,4 ,3 ,0 ,0 ,0 ,0 ,0 ,0 
2022,광진구,5 ,1 ,0 ,0 ,1 ,0 ,0 ,0 ,5 ,3 ,0 ,0 ,0 ,0 ,0 ,0 
2022,광진구,6 ,1 ,2 ,0 ,4 ,2 ,0 ,0 ,9 ,2 ,0 ,0 ,0 ,0 ,0 ,0 
2022,광진구,7 ,0 ,2 ,0 ,3 ,5 ,0 ,0 ,7 ,3 ,0 ,0 ,0 ,0 ,0 ,0 
2022,광진구,8 ,0 ,0 ,1 ,3 ,6 ,0 ,0 ,10 ,2 ,0 ,0 ,0 ,0 ,0 ,0 
2022,광진구,9 ,0 ,2 ,0 ,4 ,9 ,0 ,0 ,7 ,1 ,0 ,0 ,0 ,0 ,0 ,0 
2022,광진구,10 ,1 ,0 ,0 ,0 ,14 ,0 ,0 ,13 ,1 ,0 ,0 ,0 ,0 ,0 ,0 
2022,광진구,11 ,1 ,1 ,0 ,2 ,10 ,0 ,0 ,15 ,0 ,0 ,0 ,0 ,0 ,0 ,1 
2022,광진구,12 ,3 ,2 ,0 ,0 ,9 ,0 ,0 ,9 ,0 ,1 ,0 ,0 ,1 ,0 ,0 
2022,광진구,13 ,2 ,0 ,0 ,1 ,12 ,0 ,0 ,7 ,0 ,0 ,0 ,0 ,0 ,0 ,0 
2022,광진구,14 ,0 ,0 ,0 ,4 ,15 ,0 ,1 ,8 ,0 ,1 ,0 ,0 ,0 ,0 ,0 
2022,광진구,15 ,0 ,1 ,0 ,1 ,12 ,0 ,0 ,2 ,0 ,0 ,0 ,0 ,0 ,0 ,0 
2022,광진구,16 ,3 ,1 ,3 ,1 ,11 ,0 ,0 ,2 ,0 ,0 ,0 ,0 ,0 ,1 ,0 
2022,광진구,17 ,2 ,0 ,1 ,3 ,10 ,0 ,0 ,2 ,0 ,0 ,0 ,0 ,0 ,0 ,0 
2022,광진구,18 ,2 ,1 ,0 ,2 ,12 ,0 ,0 ,1 ,0 ,0 ,0 ,0 ,0 ,1 ,0 
2022,광진구,19 ,4 ,2 ,2 ,4 ,14 ,0 ,0 ,7 ,1 ,0 ,1 ,0 ,1 ,0 ,0 
2022,광진구,20 ,2 ,1 ,2 ,2 ,11 ,0 ,0 ,4 ,0 ,0 ,0 ,0 ,0 ,0 ,0 
2022,광진구,21 ,5 ,1 ,3 ,1 ,17 ,0 ,1 ,5 ,0 ,0 ,0 ,0 ,0 ,0 ,0 
2022,광진구,22 ,3 ,4 ,4 ,5 ,17 ,1 ,1 ,4 ,0 ,1 ,0 ,0 ,0 ,0 ,0 
2022,광진구,23 ,6 ,2 ,4 ,1 ,23 ,1 ,0 ,8 ,0 ,0 ,0 ,0 ,0 ,0 ,0 
2022,광진구,24 ,14 ,2 ,4 ,4 ,33 ,2 ,2 ,11 ,1 ,0 ,0 ,0 ,1 ,0 ,0 
2022,광진구,25 ,8 ,1 ,4 ,6 ,26 ,2 ,0 ,14 ,1 ,0 ,0 ,0 ,0 ,1 ,0 
2022,광진구,26 ,9 ,3 ,1 ,8 ,20 ,2 ,1 ,5 ,0 ,1 ,0 ,0 ,1 ,0 ,0 
2022,광진구,27 ,11 ,1 ,5 ,3 ,24 ,2 ,2 ,3 ,0 ,0 ,0 ,0 ,0 ,2 ,0 
2022,광진구,28 ,12 ,3 ,6 ,3 ,17 ,2 ,1 ,9 ,0 ,0 ,0 ,0 ,0 ,0 ,0 
2022,광진구,29 ,17 ,5 ,9 ,3 ,23 ,4 ,1 ,7 ,1 ,0 ,0 ,0 ,0 ,0 ,0 
2022,광진구,30 ,14 ,4 ,5 ,3 ,29 ,3 ,0 ,7 ,0 ,0 ,0 ,1 ,2 ,0 ,0 
2022,광진구,31 ,11 ,3 ,4 ,2 ,21 ,9 ,1 ,3 ,0 ,0 ,0 ,0 ,0 ,1 ,1 
2022,광진구,32 ,7 ,5 ,8 ,3 ,18 ,1 ,2 ,1 ,0 ,0 ,0 ,0 ,0 ,0 ,0 
2022,광진구,33 ,11 ,3 ,12 ,0 ,13 ,1 ,4 ,2 ,0 ,0 ,0 ,1 ,0 ,0 ,1 
2022,광진구,34 ,15 ,4 ,6 ,6 ,17 ,3 ,5 ,7 ,0 ,0 ,0 ,0 ,0 ,0 ,0 
2022,광진구,35 ,19 ,2 ,10 ,1 ,13 ,9 ,5 ,2 ,0 ,0 ,0 ,0 ,1 ,1 ,0 
2022,광진구,36 ,12 ,2 ,4 ,4 ,16 ,10 ,1 ,1 ,0 ,0 ,0 ,1 ,0 ,0 ,0 
2022,광진구,37 ,18 ,2 ,3 ,3 ,19 ,7 ,5 ,0 ,1 ,0 ,0 ,0 ,3 ,0 ,0 
2022,광진구,38 ,10 ,1 ,14 ,7 ,10 ,5 ,5 ,2 ,0 ,2 ,0 ,0 ,0 ,0 ,1 
2022,광진구,39 ,23 ,1 ,8 ,3 ,11 ,4 ,7 ,0 ,1 ,0 ,1 ,1 ,2 ,1 ,0 
2022,광진구,40 ,22 ,2 ,8 ,5 ,18 ,11 ,1 ,1 ,0 ,0 ,0 ,0 ,1 ,0 ,0 
2022,광진구,41 ,33 ,10 ,17 ,8 ,20 ,7 ,1 ,1 ,0 ,0 ,0 ,1 ,1 ,0 ,0 
2022,광진구,42 ,31 ,5 ,15 ,6 ,12 ,13 ,4 ,0 ,0 ,0 ,0 ,2 ,0 ,0 ,0 
2022,광진구,43 ,23 ,5 ,12 ,3 ,18 ,11 ,9 ,2 ,1 ,1 ,0 ,0 ,1 ,0 ,0 
2022,광진구,44 ,34 ,3 ,11 ,5 ,13 ,11 ,4 ,0 ,1 ,2 ,0 ,0 ,0 ,1 ,0 
2022,광진구,45 ,48 ,3 ,15 ,8 ,13 ,17 ,7 ,0 ,0 ,0 ,0 ,0 ,0 ,1 ,0 
2022,광진구,46 ,38 ,6 ,10 ,7 ,18 ,9 ,9 ,0 ,1 ,0 ,0 ,0 ,1 ,1 ,0 
2022,광진구,47 ,44 ,4 ,13 ,6 ,8 ,12 ,9 ,0 ,0 ,0 ,0 ,0 ,1 ,0 ,0 
2022,광진구,48 ,44 ,6 ,15 ,5 ,11 ,18 ,12 ,0 ,3 ,0 ,0 ,1 ,1 ,0 ,1 
2022,광진구,49 ,69 ,12 ,11 ,10 ,14 ,18 ,9 ,0 ,2 ,0 ,1 ,0 ,1 ,0 ,0 
2022,광진구,50 ,74 ,4 ,20 ,10 ,16 ,12 ,11 ,1 ,0 ,1 ,0 ,0 ,1 ,0 ,0 
2022,광진구,51 ,63 ,7 ,14 ,7 ,8 ,20 ,11 ,0 ,4 ,0 ,1 ,2 ,2 ,0 ,0 
2022,광진구,52 ,75 ,11 ,17 ,13 ,8 ,22 ,12 ,0 ,0 ,1 ,0 ,1 ,1 ,0 ,0 
2022,광진구,53 ,88 ,8 ,24 ,19 ,7 ,23 ,7 ,0 ,4 ,2 ,0 ,0 ,0 ,0 ,0 
2022,광진구,54 ,65 ,9 ,22 ,15 ,14 ,19 ,17 ,0 ,2 ,0 ,1 ,5 ,0 ,1 ,0 
2022,광진구,55 ,103 ,7 ,25 ,18 ,7 ,19 ,20 ,0 ,2 ,0 ,2 ,1 ,0 ,0 ,0 
2022,광진구,56 ,101 ,12 ,22 ,20 ,7 ,12 ,9 ,0 ,1 ,3 ,1 ,0 ,2 ,0 ,0 
2022,광진구,57 ,96 ,22 ,26 ,14 ,9 ,17 ,15 ,0 ,2 ,0 ,0 ,2 ,5 ,1 ,0 
2022,광진구,58 ,101 ,13 ,30 ,21 ,2 ,17 ,15 ,0 ,1 ,4 ,0 ,0 ,2 ,1 ,0 
2022,광진구,59 ,135 ,17 ,30 ,16 ,4 ,6 ,12 ,0 ,1 ,0 ,2 ,4 ,0 ,0 ,0 
2022,광진구,60 ,135 ,21 ,28 ,28 ,5 ,15 ,15 ,0 ,2 ,1 ,3 ,1 ,2 ,1 ,0 
2022,광진구,61 ,148 ,32 ,29 ,26 ,9 ,18 ,26 ,0 ,3 ,5 ,0 ,7 ,3 ,2 ,2 
2022,광진구,62 ,162 ,34 ,45 ,20 ,4 ,15 ,14 ,0 ,3 ,1 ,0 ,2 ,2 ,1 ,0 
2022,광진구,63 ,151 ,37 ,25 ,36 ,5 ,10 ,12 ,0 ,2 ,5 ,0 ,4 ,0 ,0 ,1 
2022,광진구,64 ,171 ,28 ,30 ,27 ,5 ,12 ,17 ,0 ,2 ,0 ,1 ,2 ,0 ,1 ,1 
2022,광진구,65 ,178 ,33 ,33 ,28 ,3 ,14 ,24 ,0 ,4 ,0 ,4 ,1 ,0 ,0 ,0 
2022,광진구,66 ,143 ,34 ,32 ,32 ,4 ,8 ,14 ,0 ,1 ,2 ,2 ,3 ,0 ,0 ,0 
2022,광진구,67 ,159 ,40 ,30 ,41 ,4 ,9 ,23 ,0 ,1 ,5 ,1 ,3 ,2 ,0 ,0 
2022,광진구,68 ,163 ,34 ,20 ,25 ,2 ,8 ,15 ,0 ,0 ,4 ,2 ,0 ,0 ,0 ,0 
2022,광진구,69 ,128 ,35 ,30 ,32 ,3 ,7 ,16 ,0 ,4 ,4 ,1 ,2 ,0 ,1 ,0 
2022,광진구,70 ,155 ,41 ,39 ,35 ,1 ,7 ,16 ,0 ,2 ,6 ,1 ,1 ,0 ,0 ,0 
2022,광진구,71 ,94 ,26 ,26 ,32 ,1 ,4 ,7 ,0 ,2 ,2 ,0 ,2 ,0 ,1 ,0 
2022,광진구,72 ,128 ,40 ,29 ,30 ,4 ,3 ,18 ,0 ,3 ,3 ,5 ,4 ,1 ,3 ,0 
2022,광진구,73 ,144 ,47 ,29 ,29 ,0 ,6 ,11 ,0 ,2 ,4 ,3 ,0 ,2 ,0 ,0 
2022,광진구,74 ,145 ,60 ,31 ,28 ,2 ,5 ,19 ,0 ,0 ,4 ,8 ,1 ,0 ,1 ,0 
2022,광진구,75 ,163 ,57 ,30 ,35 ,0 ,1 ,12 ,0 ,4 ,1 ,1 ,4 ,1 ,0 ,0 
2022,광진구,76 ,138 ,61 ,22 ,21 ,1 ,1 ,10 ,0 ,1 ,3 ,0 ,3 ,1 ,1 ,0 
2022,광진구,77 ,127 ,57 ,32 ,27 ,1 ,4 ,11 ,0 ,1 ,1 ,1 ,0 ,0 ,2 ,0 
2022,광진구,78 ,134 ,65 ,26 ,30 ,0 ,2 ,9 ,0 ,2 ,4 ,2 ,2 ,1 ,1 ,0 
2022,광진구,79 ,122 ,72 ,35 ,35 ,0 ,1 ,7 ,0 ,0 ,8 ,3 ,0 ,0 ,1 ,0 
2022,광진구,80 ,157 ,89 ,40 ,38 ,1 ,1 ,12 ,0 ,1 ,5 ,3 ,0 ,0 ,1 ,0 
2022,광진구,81 ,108 ,68 ,19 ,33 ,0 ,0 ,8 ,0 ,1 ,3 ,2 ,0 ,0 ,0 ,0 
2022,광진구,82 ,88 ,56 ,26 ,25 ,0 ,2 ,11 ,0 ,0 ,2 ,1 ,0 ,0 ,0 ,0 
2022,광진구,83 ,110 ,71 ,23 ,23 ,0 ,0 ,10 ,0 ,2 ,0 ,0 ,0 ,0 ,0 ,0 
2022,광진구,84 ,70 ,67 ,24 ,35 ,0 ,2 ,4 ,0 ,0 ,3 ,0 ,0 ,0 ,0 ,0 
2022,광진구,85 ,65 ,66 ,13 ,25 ,1 ,0 ,7 ,0 ,2 ,9 ,3 ,0 ,0 ,1 ,0 
2022,광진구,86 ,73 ,55 ,14 ,10 ,1 ,0 ,7 ,0 ,0 ,3 ,0 ,0 ,0 ,0 ,0 
2022,광진구,87 ,50 ,54 ,16 ,15 ,0 ,0 ,1 ,0 ,0 ,2 ,0 ,0 ,0 ,0 ,0 
2022,광진구,88 ,44 ,51 ,10 ,9 ,0 ,0 ,1 ,0 ,0 ,1 ,0 ,0 ,0 ,0 ,0 
2022,광진구,89 ,29 ,53 ,7 ,4 ,0 ,0 ,2 ,0 ,0 ,2 ,0 ,0 ,0 ,0 ,0 
2022,광진구,90 ,28 ,32 ,7 ,11 ,0 ,0 ,0 ,0 ,0 ,2 ,0 ,0 ,0 ,0 ,0 
2022,광진구,91 ,15 ,27 ,5 ,5 ,0 ,0 ,1 ,0 ,0 ,0 ,0 ,0 ,0 ,0 ,0 
2022,광진구,92 ,13 ,16 ,4 ,7 ,0 ,0 ,4 ,0 ,0 ,1 ,0 ,0 ,0 ,0 ,0 
2022,광진구,93 ,10 ,19 ,6 ,2 ,0 ,0 ,0 ,0 ,0 ,0 ,0 ,0 ,0 ,0 ,0 
2022,광진구,94 ,8 ,11 ,1 ,4 ,0 ,0 ,1 ,0 ,0 ,0 ,0 ,0 ,0 ,0 ,0 
2022,광진구,95 ,7 ,13 ,1 ,0 ,0 ,0 ,1 ,0 ,0 ,0 ,0 ,0 ,0 ,0 ,0 
2022,광진구,96 ,6 ,3 ,0 ,1 ,0 ,0 ,0 ,0 ,0 ,0 ,0 ,0 ,0 ,0 ,0 
2022,광진구,97 ,1 ,3 ,2 ,2 ,0 ,0 ,0 ,0 ,0 ,0 ,0 ,0 ,0 ,0 ,0 
2022,광진구,98 ,1 ,3 ,1 ,0 ,0 ,0 ,0 ,0 ,0 ,0 ,0 ,0 ,0 ,0 ,0 
2022,광진구,99 ,1 ,2 ,1 ,0 ,0 ,0 ,0 ,0 ,0 ,0 ,0 ,0 ,0 ,0 ,0 
2022,광진구,100 ,1 ,1 ,0 ,0 ,0 ,0 ,0 ,0 ,0 ,0 ,0 ,0 ,0 ,0 ,0 
2022,광진구,102 ,1 ,0 ,1 ,0 ,0 ,0 ,0 ,0 ,0 ,0 ,0 ,0 ,0 ,0 ,0 
2022,광진구,103 ,0 ,1 ,0 ,0 ,0 ,0 ,0 ,0 ,0 ,0 ,0 ,0 ,0 ,0 ,0 
2022,광진구,107 ,0 ,1 ,0 ,0 ,0 ,0 ,0 ,0 ,0 ,0 ,0 ,0 ,0 ,0 ,0 
2022,동대문구,2 ,0 ,0 ,1 ,4 ,0 ,0 ,0 ,0 ,0 ,0 ,0 ,0 ,0 ,0 ,0 
2022,동대문구,3 ,0 ,0 ,0 ,4 ,0 ,0 ,0 ,2 ,0 ,0 ,0 ,0 ,0 ,0 ,0 
2022,동대문구,4 ,0 ,1 ,0 ,1 ,0 ,0 ,0 ,3 ,4 ,0 ,0 ,0 ,0 ,0 ,0 
2022,동대문구,5 ,0 ,1 ,0 ,5 ,2 ,0 ,0 ,4 ,4 ,0 ,0 ,0 ,0 ,0 ,0 
2022,동대문구,6 ,0 ,0 ,0 ,4 ,7 ,0 ,0 ,8 ,3 ,0 ,0 ,0 ,0 ,0 ,0 
2022,동대문구,7 ,1 ,1 ,0 ,1 ,14 ,0 ,0 ,17 ,1 ,0 ,0 ,0 ,0 ,0 ,0 
2022,동대문구,8 ,1 ,0 ,1 ,2 ,3 ,0 ,0 ,6 ,2 ,0 ,0 ,0 ,1 ,0 ,0 
2022,동대문구,9 ,2 ,3 ,1 ,5 ,7 ,0 ,0 ,4 ,2 ,0 ,0 ,0 ,0 ,0 ,0 
2022,동대문구,10 ,0 ,1 ,1 ,1 ,12 ,0 ,0 ,9 ,1 ,0 ,0 ,0 ,0 ,0 ,0 
2022,동대문구,11 ,2 ,0 ,1 ,2 ,15 ,0 ,0 ,12 ,0 ,0 ,0 ,0 ,0 ,0 ,0 
2022,동대문구,12 ,2 ,0 ,1 ,1 ,13 ,0 ,0 ,6 ,0 ,0 ,0 ,0 ,0 ,0 ,0 
2022,동대문구,13 ,0 ,0 ,0 ,0 ,8 ,0 ,0 ,7 ,0 ,0 ,0 ,0 ,0 ,0 ,0 
2022,동대문구,14 ,2 ,1 ,1 ,1 ,15 ,0 ,0 ,3 ,0 ,0 ,0 ,0 ,0 ,0 ,0 
2022,동대문구,15 ,4 ,0 ,1 ,3 ,14 ,0 ,0 ,3 ,0 ,0 ,0 ,0 ,0 ,0 ,0 
2022,동대문구,16 ,1 ,0 ,0 ,3 ,15 ,0 ,1 ,2 ,0 ,0 ,0 ,0 ,0 ,0 ,0 
2022,동대문구,17 ,5 ,3 ,1 ,3 ,12 ,0 ,0 ,2 ,0 ,0 ,0 ,0 ,0 ,0 ,0 
2022,동대문구,18 ,1 ,0 ,1 ,3 ,14 ,0 ,0 ,4 ,0 ,0 ,0 ,0 ,0 ,0 ,0 
2022,동대문구,19 ,9 ,1 ,4 ,3 ,10 ,0 ,0 ,5 ,0 ,0 ,0 ,1 ,1 ,0 ,1 
2022,동대문구,20 ,7 ,1 ,1 ,3 ,14 ,3 ,0 ,6 ,0 ,0 ,0 ,0 ,0 ,0 ,0 
2022,동대문구,21 ,7 ,0 ,2 ,2 ,19 ,1 ,0 ,2 ,2 ,0 ,0 ,0 ,0 ,0 ,0 
2022,동대문구,22 ,8 ,5 ,9 ,7 ,28 ,2 ,0 ,4 ,0 ,0 ,0 ,0 ,1 ,0 ,0 
2022,동대문구,23 ,6 ,7 ,7 ,6 ,20 ,2 ,1 ,9 ,0 ,0 ,0 ,0 ,0 ,0 ,0 
2022,동대문구,24 ,10 ,1 ,6 ,6 ,25 ,4 ,2 ,19 ,0 ,0 ,0 ,0 ,0 ,4 ,0 
2022,동대문구,25 ,8 ,1 ,3 ,5 ,20 ,0 ,1 ,3 ,0 ,0 ,0 ,1 ,0 ,0 ,0 
2022,동대문구,26 ,7 ,1 ,3 ,5 ,23 ,1 ,0 ,5 ,0 ,1 ,0 ,0 ,1 ,0 ,0 
2022,동대문구,27 ,10 ,3 ,3 ,3 ,23 ,3 ,1 ,5 ,0 ,0 ,0 ,0 ,0 ,1 ,0 
2022,동대문구,28 ,11 ,4 ,7 ,3 ,22 ,3 ,0 ,6 ,1 ,0 ,0 ,0 ,0 ,0 ,0 
2022,동대문구,29 ,19 ,3 ,4 ,3 ,12 ,6 ,2 ,2 ,1 ,0 ,0 ,0 ,0 ,1 ,0 
2022,동대문구,30 ,13 ,3 ,7 ,4 ,25 ,2 ,3 ,4 ,0 ,0 ,0 ,0 ,1 ,0 ,0 
2022,동대문구,31 ,11 ,2 ,5 ,6 ,21 ,3 ,1 ,3 ,0 ,0 ,0 ,0 ,1 ,0 ,1 
2022,동대문구,32 ,14 ,4 ,5 ,8 ,16 ,6 ,4 ,6 ,0 ,0 ,0 ,0 ,1 ,0 ,0 
2022,동대문구,33 ,16 ,5 ,4 ,2 ,16 ,6 ,4 ,7 ,0 ,0 ,0 ,0 ,0 ,0 ,0 
2022,동대문구,34 ,18 ,2 ,4 ,4 ,18 ,5 ,0 ,4 ,1 ,0 ,0 ,0 ,0 ,0 ,1 
2022,동대문구,35 ,10 ,2 ,7 ,3 ,10 ,13 ,3 ,2 ,0 ,0 ,0 ,0 ,1 ,0 ,1 
2022,동대문구,36 ,25 ,3 ,2 ,2 ,14 ,8 ,3 ,2 ,1 ,0 ,0 ,0 ,0 ,0 ,0 
2022,동대문구,37 ,20 ,5 ,8 ,8 ,25 ,6 ,2 ,2 ,3 ,0 ,0 ,0 ,0 ,0 ,0 
2022,동대문구,38 ,20 ,1 ,11 ,6 ,25 ,7 ,4 ,1 ,1 ,0 ,0 ,0 ,0 ,1 ,0 
2022,동대문구,39 ,23 ,5 ,10 ,7 ,12 ,6 ,4 ,1 ,0 ,2 ,0 ,0 ,0 ,1 ,0 
2022,동대문구,40 ,29 ,6 ,11 ,13 ,21 ,6 ,3 ,0 ,2 ,0 ,0 ,0 ,0 ,0 ,0 
2022,동대문구,41 ,34 ,5 ,16 ,4 ,15 ,10 ,5 ,0 ,1 ,0 ,0 ,1 ,1 ,1 ,0 
2022,동대문구,42 ,41 ,5 ,11 ,14 ,20 ,15 ,6 ,0 ,0 ,0 ,0 ,0 ,0 ,0 ,0 
2022,동대문구,43 ,42 ,11 ,9 ,2 ,14 ,14 ,16 ,0 ,0 ,1 ,0 ,1 ,0 ,0 ,0 
2022,동대문구,44 ,43 ,7 ,13 ,9 ,15 ,11 ,9 ,0 ,1 ,0 ,0 ,0 ,1 ,0 ,0 
2022,동대문구,45 ,41 ,8 ,16 ,5 ,15 ,24 ,5 ,1 ,1 ,1 ,1 ,0 ,0 ,0 ,0 
2022,동대문구,46 ,42 ,2 ,12 ,10 ,11 ,12 ,4 ,0 ,2 ,0 ,0 ,2 ,0 ,0 ,0 
2022,동대문구,47 ,45 ,9 ,11 ,12 ,22 ,19 ,7 ,1 ,1 ,0 ,0 ,1 ,1 ,0 ,1 
2022,동대문구,48 ,57 ,3 ,16 ,16 ,10 ,12 ,10 ,0 ,4 ,0 ,0 ,1 ,2 ,0 ,0 
2022,동대문구,49 ,59 ,13 ,23 ,14 ,12 ,21 ,10 ,0 ,1 ,2 ,0 ,3 ,2 ,0 ,0 
2022,동대문구,50 ,64 ,8 ,15 ,15 ,17 ,20 ,11 ,0 ,2 ,1 ,0 ,1 ,1 ,1 ,0 
2022,동대문구,51 ,87 ,6 ,23 ,14 ,22 ,25 ,15 ,0 ,2 ,0 ,0 ,3 ,1 ,0 ,0 
2022,동대문구,52 ,84 ,9 ,27 ,18 ,17 ,16 ,14 ,1 ,4 ,1 ,1 ,2 ,1 ,0 ,0 
2022,동대문구,53 ,87 ,10 ,22 ,25 ,10 ,20 ,15 ,0 ,3 ,2 ,0 ,4 ,1 ,0 ,0 
2022,동대문구,54 ,86 ,11 ,28 ,23 ,11 ,25 ,18 ,0 ,2 ,1 ,0 ,3 ,1 ,1 ,0 
2022,동대문구,55 ,112 ,14 ,24 ,15 ,7 ,25 ,15 ,0 ,1 ,2 ,1 ,1 ,0 ,1 ,1 
2022,동대문구,56 ,131 ,19 ,18 ,20 ,8 ,24 ,17 ,0 ,5 ,0 ,0 ,2 ,0 ,0 ,0 
2022,동대문구,57 ,107 ,15 ,25 ,24 ,13 ,23 ,15 ,0 ,2 ,4 ,1 ,2 ,2 ,0 ,0 
2022,동대문구,58 ,126 ,24 ,23 ,20 ,10 ,25 ,8 ,0 ,0 ,0 ,0 ,4 ,1 ,1 ,0 
2022,동대문구,59 ,132 ,25 ,22 ,15 ,7 ,18 ,14 ,0 ,5 ,5 ,0 ,2 ,0 ,1 ,1 
2022,동대문구,60 ,163 ,25 ,34 ,25 ,12 ,14 ,17 ,0 ,3 ,1 ,3 ,3 ,2 ,1 ,1 
2022,동대문구,61 ,177 ,31 ,29 ,33 ,7 ,18 ,22 ,0 ,4 ,3 ,1 ,4 ,2 ,2 ,1 
2022,동대문구,62 ,230 ,38 ,22 ,31 ,9 ,21 ,28 ,0 ,3 ,2 ,3 ,4 ,3 ,0 ,0 
2022,동대문구,63 ,183 ,34 ,37 ,39 ,10 ,13 ,18 ,0 ,5 ,2 ,2 ,2 ,1 ,1 ,0 
2022,동대문구,64 ,179 ,51 ,32 ,41 ,6 ,14 ,27 ,0 ,1 ,3 ,3 ,5 ,3 ,0 ,1 
2022,동대문구,65 ,211 ,52 ,38 ,46 ,6 ,14 ,18 ,0 ,2 ,8 ,2 ,8 ,0 ,0 ,0 
2022,동대문구,66 ,205 ,50 ,38 ,39 ,6 ,8 ,15 ,0 ,3 ,4 ,1 ,8 ,0 ,1 ,2 
2022,동대문구,67 ,210 ,47 ,44 ,41 ,3 ,18 ,27 ,0 ,5 ,1 ,1 ,5 ,2 ,0 ,1 
2022,동대문구,68 ,190 ,41 ,41 ,34 ,4 ,10 ,30 ,0 ,6 ,4 ,4 ,5 ,0 ,0 ,1 
2022,동대문구,69 ,198 ,50 ,30 ,35 ,5 ,8 ,21 ,0 ,1 ,2 ,5 ,4 ,1 ,2 ,0 
2022,동대문구,70 ,203 ,50 ,43 ,44 ,3 ,11 ,25 ,0 ,4 ,3 ,3 ,6 ,1 ,0 ,1 
2022,동대문구,71 ,174 ,55 ,32 ,33 ,3 ,5 ,19 ,0 ,3 ,1 ,1 ,3 ,2 ,0 ,0 
2022,동대문구,72 ,180 ,55 ,33 ,43 ,2 ,3 ,17 ,0 ,1 ,3 ,3 ,1 ,1 ,0 ,0 
2022,동대문구,73 ,183 ,61 ,42 ,40 ,3 ,5 ,20 ,0 ,2 ,5 ,5 ,2 ,1 ,1 ,1 
2022,동대문구,74 ,218 ,78 ,43 ,41 ,1 ,3 ,15 ,0 ,4 ,5 ,5 ,2 ,0 ,1 ,0 
2022,동대문구,75 ,222 ,97 ,38 ,46 ,1 ,3 ,18 ,0 ,3 ,3 ,3 ,4 ,0 ,2 ,0 
2022,동대문구,76 ,166 ,85 ,38 ,45 ,3 ,4 ,10 ,0 ,5 ,4 ,3 ,4 ,1 ,1 ,1 
2022,동대문구,77 ,171 ,73 ,29 ,31 ,0 ,4 ,13 ,0 ,1 ,6 ,3 ,1 ,0 ,0 ,0 
2022,동대문구,78 ,196 ,83 ,35 ,50 ,0 ,2 ,10 ,0 ,0 ,3 ,2 ,0 ,0 ,1 ,0 
2022,동대문구,79 ,207 ,104 ,48 ,46 ,1 ,3 ,12 ,0 ,5 ,4 ,4 ,0 ,0 ,2 ,1 
2022,동대문구,80 ,227 ,130 ,36 ,52 ,1 ,2 ,20 ,0 ,2 ,2 ,1 ,0 ,0 ,1 ,0 
2022,동대문구,81 ,204 ,113 ,32 ,44 ,1 ,2 ,8 ,0 ,3 ,4 ,4 ,0 ,0 ,1 ,0 
2022,동대문구,82 ,160 ,95 ,33 ,45 ,1 ,1 ,12 ,0 ,3 ,2 ,3 ,0 ,0 ,0 ,0 
2022,동대문구,83 ,131 ,106 ,27 ,38 ,0 ,0 ,7 ,0 ,1 ,4 ,0 ,0 ,0 ,1 ,0 
2022,동대문구,84 ,124 ,85 ,22 ,32 ,1 ,2 ,15 ,0 ,4 ,2 ,1 ,0 ,0 ,1 ,0 
2022,동대문구,85 ,118 ,91 ,24 ,29 ,0 ,0 ,5 ,0 ,1 ,3 ,0 ,0 ,0 ,0 ,0 
2022,동대문구,86 ,79 ,82 ,21 ,17 ,0 ,1 ,3 ,0 ,0 ,2 ,0 ,0 ,0 ,0 ,0 
2022,동대문구,87 ,73 ,68 ,14 ,19 ,1 ,0 ,2 ,0 ,2 ,3 ,3 ,0 ,0 ,0 ,0 
2022,동대문구,88 ,64 ,58 ,16 ,16 ,0 ,0 ,4 ,0 ,0 ,0 ,1 ,1 ,0 ,0 ,0 
2022,동대문구,89 ,43 ,41 ,11 ,9 ,0 ,0 ,3 ,0 ,0 ,0 ,0 ,0 ,0 ,1 ,0 
2022,동대문구,90 ,37 ,45 ,9 ,13 ,0 ,0 ,1 ,0 ,1 ,3 ,0 ,0 ,0 ,0 ,0 
2022,동대문구,91 ,25 ,36 ,5 ,8 ,0 ,0 ,1 ,0 ,0 ,0 ,0 ,0 ,0 ,0 ,0 
2022,동대문구,92 ,18 ,30 ,8 ,4 ,0 ,0 ,0 ,0 ,0 ,0 ,0 ,0 ,0 ,0 ,0 
2022,동대문구,93 ,8 ,23 ,6 ,3 ,0 ,0 ,1 ,0 ,0 ,0 ,0 ,0 ,0 ,0 ,0 
2022,동대문구,94 ,6 ,20 ,2 ,0 ,0 ,0 ,0 ,0 ,0 ,1 ,0 ,0 ,0 ,0 ,0 
2022,동대문구,95 ,10 ,12 ,1 ,0 ,0 ,0 ,0 ,0 ,0 ,0 ,0 ,0 ,0 ,0 ,0 
2022,동대문구,96 ,7 ,6 ,2 ,1 ,0 ,0 ,0 ,0 ,0 ,0 ,0 ,0 ,0 ,0 ,0 
2022,동대문구,97 ,1 ,7 ,0 ,1 ,0 ,0 ,0 ,0 ,0 ,0 ,1 ,0 ,0 ,0 ,0 
2022,동대문구,98 ,0 ,2 ,1 ,1 ,0 ,0 ,0 ,0 ,0 ,0 ,0 ,0 ,0 ,0 ,0 
2022,동대문구,99 ,1 ,6 ,0 ,2 ,0 ,0 ,0 ,0 ,0 ,0 ,0 ,0 ,0 ,0 ,0 
2022,동대문구,100 ,2 ,1 ,0 ,0 ,0 ,0 ,0 ,0 ,0 ,0 ,0 ,0 ,0 ,0 ,0 
2022,동대문구,101 ,0 ,2 ,0 ,0 ,0 ,0 ,0 ,0 ,0 ,0 ,0 ,0 ,0 ,0 ,0 
2022,동대문구,102 ,3 ,0 ,0 ,0 ,0 ,0 ,0 ,0 ,0 ,0 ,0 ,0 ,0 ,0 ,0 
2022,동대문구,103 ,0 ,1 ,0 ,0 ,0 ,0 ,0 ,0 ,0 ,0 ,0 ,0 ,0 ,0 ,0 
2022,동대문구,107 ,1 ,0 ,0 ,0 ,0 ,0 ,0 ,0 ,0 ,0 ,0 ,0 ,0 ,0 ,0 
2022,중랑구,1 ,1 ,1 ,0 ,1 ,0 ,0 ,0 ,0 ,0 ,0 ,0 ,0 ,0 ,1 ,0 
2022,중랑구,2 ,0 ,1 ,0 ,4 ,0 ,0 ,0 ,0 ,0 ,0 ,0 ,0 ,0 ,0 ,0 
2022,중랑구,3 ,1 ,0 ,0 ,3 ,0 ,0 ,0 ,1 ,1 ,0 ,0 ,0 ,0 ,0 ,0 
2022,중랑구,4 ,1 ,0 ,2 ,4 ,2 ,0 ,0 ,6 ,3 ,0 ,0 ,0 ,0 ,0 ,0 
2022,중랑구,5 ,1 ,0 ,0 ,5 ,2 ,0 ,0 ,9 ,4 ,0 ,0 ,0 ,0 ,0 ,0 
2022,중랑구,6 ,1 ,1 ,1 ,3 ,9 ,0 ,0 ,12 ,7 ,0 ,0 ,0 ,0 ,0 ,0 
2022,중랑구,7 ,0 ,2 ,0 ,6 ,14 ,0 ,0 ,16 ,2 ,0 ,0 ,1 ,0 ,0 ,0 
2022,중랑구,8 ,0 ,2 ,0 ,0 ,21 ,0 ,0 ,12 ,3 ,0 ,0 ,0 ,0 ,1 ,0 
2022,중랑구,9 ,2 ,2 ,0 ,4 ,11 ,0 ,0 ,14 ,5 ,0 ,0 ,0 ,0 ,0 ,0 
2022,중랑구,10 ,0 ,0 ,0 ,4 ,22 ,0 ,0 ,9 ,3 ,0 ,0 ,1 ,0 ,0 ,0 
2022,중랑구,11 ,2 ,2 ,1 ,1 ,20 ,0 ,0 ,9 ,0 ,0 ,0 ,0 ,0 ,0 ,0 
2022,중랑구,12 ,0 ,1 ,0 ,3 ,11 ,0 ,0 ,7 ,0 ,0 ,0 ,0 ,0 ,0 ,0 
2022,중랑구,13 ,0 ,1 ,0 ,3 ,17 ,0 ,0 ,10 ,0 ,0 ,0 ,0 ,0 ,0 ,0 
2022,중랑구,14 ,1 ,1 ,1 ,5 ,9 ,0 ,0 ,1 ,0 ,0 ,0 ,0 ,0 ,1 ,0 
2022,중랑구,15 ,2 ,0 ,2 ,3 ,25 ,0 ,0 ,12 ,0 ,0 ,0 ,0 ,1 ,0 ,0 
2022,중랑구,16 ,1 ,1 ,0 ,2 ,16 ,0 ,0 ,3 ,0 ,0 ,0 ,0 ,0 ,0 ,0 
2022,중랑구,17 ,4 ,1 ,0 ,1 ,17 ,0 ,0 ,1 ,0 ,0 ,0 ,0 ,0 ,0 ,0 
2022,중랑구,18 ,2 ,1 ,1 ,6 ,22 ,0 ,0 ,5 ,0 ,0 ,0 ,1 ,0 ,0 ,0 
2022,중랑구,19 ,3 ,0 ,3 ,4 ,28 ,0 ,0 ,4 ,2 ,0 ,0 ,0 ,0 ,0 ,0 
2022,중랑구,20 ,6 ,5 ,1 ,9 ,25 ,0 ,2 ,10 ,0 ,0 ,0 ,0 ,1 ,1 ,0 
2022,중랑구,21 ,8 ,2 ,1 ,2 ,39 ,1 ,0 ,9 ,1 ,0 ,0 ,0 ,0 ,0 ,0 
2022,중랑구,22 ,4 ,3 ,5 ,5 ,37 ,0 ,1 ,13 ,0 ,0 ,0 ,0 ,0 ,0 ,0 
2022,중랑구,23 ,10 ,1 ,7 ,3 ,16 ,2 ,0 ,9 ,0 ,0 ,0 ,0 ,0 ,2 ,0 
2022,중랑구,24 ,11 ,7 ,3 ,6 ,31 ,0 ,0 ,11 ,1 ,0 ,0 ,0 ,0 ,0 ,0 
2022,중랑구,25 ,9 ,8 ,4 ,5 ,36 ,3 ,0 ,17 ,1 ,0 ,0 ,0 ,1 ,1 ,0 
2022,중랑구,26 ,10 ,4 ,7 ,7 ,41 ,0 ,2 ,13 ,0 ,0 ,0 ,1 ,1 ,0 ,0 
2022,중랑구,27 ,17 ,1 ,7 ,6 ,38 ,1 ,1 ,4 ,0 ,0 ,1 ,0 ,1 ,0 ,0 
2022,중랑구,28 ,12 ,7 ,7 ,11 ,43 ,7 ,1 ,10 ,0 ,0 ,0 ,0 ,0 ,0 ,0 
2022,중랑구,29 ,11 ,8 ,7 ,6 ,40 ,5 ,1 ,8 ,0 ,2 ,0 ,0 ,0 ,1 ,0 
2022,중랑구,30 ,17 ,3 ,10 ,3 ,27 ,4 ,2 ,11 ,1 ,0 ,0 ,0 ,0 ,1 ,0 
2022,중랑구,31 ,8 ,2 ,7 ,5 ,40 ,8 ,3 ,9 ,1 ,1 ,0 ,0 ,0 ,1 ,0 
2022,중랑구,32 ,13 ,3 ,12 ,10 ,27 ,8 ,4 ,3 ,0 ,0 ,0 ,0 ,1 ,0 ,0 
2022,중랑구,33 ,15 ,3 ,11 ,8 ,29 ,3 ,3 ,4 ,0 ,0 ,0 ,1 ,1 ,0 ,0 
2022,중랑구,34 ,14 ,2 ,6 ,5 ,36 ,7 ,2 ,2 ,2 ,0 ,0 ,2 ,0 ,1 ,0 
2022,중랑구,35 ,19 ,5 ,9 ,8 ,24 ,10 ,1 ,1 ,0 ,0 ,0 ,0 ,0 ,0 ,0 
2022,중랑구,36 ,26 ,5 ,12 ,10 ,22 ,10 ,3 ,1 ,0 ,0 ,0 ,1 ,0 ,0 ,0 
2022,중랑구,37 ,11 ,4 ,8 ,6 ,20 ,8 ,8 ,0 ,0 ,0 ,1 ,0 ,2 ,0 ,0 
2022,중랑구,38 ,29 ,4 ,6 ,6 ,30 ,5 ,5 ,2 ,1 ,0 ,0 ,0 ,0 ,1 ,1 
2022,중랑구,39 ,29 ,8 ,11 ,9 ,33 ,10 ,7 ,2 ,2 ,1 ,0 ,0 ,5 ,0 ,1 
2022,중랑구,40 ,38 ,8 ,8 ,12 ,33 ,15 ,3 ,2 ,2 ,0 ,0 ,0 ,1 ,0 ,0 
2022,중랑구,41 ,41 ,8 ,13 ,10 ,33 ,11 ,12 ,0 ,2 ,0 ,0 ,0 ,0 ,0 ,0 
2022,중랑구,42 ,59 ,5 ,8 ,11 ,26 ,12 ,11 ,0 ,1 ,2 ,0 ,1 ,4 ,2 ,0 
2022,중랑구,43 ,61 ,7 ,7 ,16 ,22 ,25 ,8 ,1 ,2 ,0 ,0 ,1 ,3 ,0 ,0 
2022,중랑구,44 ,49 ,4 ,13 ,15 ,18 ,14 ,9 ,0 ,0 ,0 ,0 ,0 ,0 ,1 ,0 
2022,중랑구,45 ,60 ,6 ,16 ,12 ,13 ,24 ,15 ,0 ,0 ,0 ,1 ,2 ,1 ,0 ,0 
2022,중랑구,46 ,53 ,4 ,12 ,11 ,19 ,17 ,2 ,0 ,0 ,0 ,1 ,0 ,0 ,0 ,1 
2022,중랑구,47 ,70 ,10 ,11 ,10 ,18 ,10 ,20 ,0 ,3 ,0 ,1 ,1 ,1 ,0 ,0 
2022,중랑구,48 ,67 ,11 ,23 ,15 ,13 ,25 ,13 ,0 ,2 ,1 ,1 ,2 ,3 ,0 ,0 
2022,중랑구,49 ,80 ,13 ,26 ,17 ,17 ,25 ,14 ,0 ,1 ,2 ,3 ,1 ,1 ,0 ,0 
2022,중랑구,50 ,86 ,10 ,23 ,13 ,29 ,28 ,15 ,1 ,4 ,0 ,1 ,0 ,1 ,0 ,4 
2022,중랑구,51 ,135 ,10 ,35 ,21 ,14 ,36 ,24 ,0 ,4 ,1 ,0 ,1 ,2 ,0 ,0 
2022,중랑구,52 ,130 ,21 ,46 ,20 ,6 ,25 ,17 ,0 ,4 ,1 ,2 ,1 ,2 ,0 ,0 
2022,중랑구,53 ,134 ,19 ,28 ,24 ,18 ,37 ,26 ,1 ,0 ,1 ,0 ,2 ,2 ,0 ,0 
2022,중랑구,54 ,155 ,18 ,39 ,26 ,10 ,30 ,21 ,0 ,2 ,2 ,0 ,5 ,2 ,0 ,0 
2022,중랑구,55 ,149 ,24 ,33 ,27 ,15 ,29 ,26 ,0 ,4 ,2 ,0 ,5 ,2 ,0 ,1 
2022,중랑구,56 ,193 ,21 ,45 ,14 ,9 ,24 ,27 ,0 ,4 ,2 ,1 ,3 ,1 ,0 ,0 
2022,중랑구,57 ,188 ,21 ,46 ,32 ,17 ,26 ,27 ,0 ,0 ,3 ,4 ,2 ,4 ,2 ,0 
2022,중랑구,58 ,234 ,31 ,31 ,36 ,8 ,30 ,33 ,0 ,3 ,0 ,2 ,3 ,3 ,0 ,0 
2022,중랑구,59 ,203 ,22 ,39 ,45 ,14 ,31 ,29 ,0 ,2 ,3 ,2 ,5 ,0 ,2 ,0 
2022,중랑구,60 ,277 ,45 ,53 ,41 ,17 ,34 ,25 ,0 ,5 ,5 ,3 ,3 ,3 ,0 ,0 
2022,중랑구,61 ,292 ,53 ,51 ,58 ,10 ,28 ,44 ,0 ,4 ,5 ,5 ,1 ,5 ,1 ,0 
2022,중랑구,62 ,281 ,60 ,45 ,64 ,7 ,25 ,30 ,0 ,1 ,5 ,1 ,3 ,1 ,0 ,0 
2022,중랑구,63 ,297 ,49 ,62 ,56 ,11 ,24 ,26 ,0 ,2 ,3 ,8 ,9 ,1 ,2 ,0 
2022,중랑구,64 ,289 ,49 ,57 ,55 ,12 ,27 ,26 ,0 ,4 ,8 ,7 ,3 ,0 ,0 ,1 
2022,중랑구,65 ,303 ,45 ,55 ,62 ,8 ,32 ,29 ,0 ,7 ,6 ,9 ,6 ,1 ,4 ,0 
2022,중랑구,66 ,287 ,47 ,54 ,56 ,5 ,18 ,29 ,0 ,5 ,5 ,5 ,6 ,5 ,4 ,1 
2022,중랑구,67 ,294 ,59 ,52 ,72 ,6 ,16 ,33 ,0 ,4 ,3 ,9 ,7 ,1 ,2 ,0 
2022,중랑구,68 ,267 ,49 ,58 ,62 ,4 ,16 ,20 ,0 ,6 ,5 ,4 ,2 ,1 ,1 ,0 
2022,중랑구,69 ,248 ,60 ,51 ,64 ,3 ,9 ,29 ,0 ,4 ,3 ,6 ,3 ,1 ,3 ,1 
2022,중랑구,70 ,269 ,71 ,52 ,67 ,5 ,11 ,32 ,0 ,4 ,5 ,6 ,1 ,2 ,3 ,0 
2022,중랑구,71 ,232 ,50 ,50 ,45 ,2 ,8 ,21 ,0 ,4 ,7 ,4 ,2 ,1 ,0 ,0 
2022,중랑구,72 ,232 ,58 ,46 ,51 ,2 ,7 ,29 ,0 ,6 ,3 ,5 ,0 ,0 ,0 ,0 
2022,중랑구,73 ,250 ,92 ,64 ,55 ,5 ,11 ,18 ,0 ,6 ,1 ,3 ,1 ,1 ,1 ,0 
2022,중랑구,74 ,276 ,78 ,57 ,57 ,2 ,8 ,22 ,0 ,7 ,3 ,4 ,3 ,0 ,3 ,1 
2022,중랑구,75 ,263 ,96 ,72 ,65 ,1 ,9 ,23 ,0 ,3 ,5 ,4 ,3 ,0 ,0 ,1 
2022,중랑구,76 ,239 ,68 ,43 ,64 ,3 ,4 ,13 ,0 ,6 ,7 ,2 ,2 ,0 ,0 ,1 
2022,중랑구,77 ,206 ,78 ,41 ,57 ,1 ,3 ,16 ,0 ,3 ,2 ,6 ,1 ,0 ,0 ,0 
2022,중랑구,78 ,213 ,101 ,44 ,50 ,1 ,2 ,14 ,0 ,1 ,3 ,4 ,0 ,0 ,1 ,0 
2022,중랑구,79 ,203 ,88 ,48 ,48 ,3 ,2 ,26 ,0 ,3 ,10 ,6 ,1 ,0 ,1 ,0 
2022,중랑구,80 ,268 ,133 ,59 ,79 ,1 ,1 ,25 ,0 ,3 ,9 ,6 ,1 ,2 ,0 ,0 
2022,중랑구,81 ,203 ,106 ,44 ,50 ,0 ,3 ,13 ,0 ,3 ,2 ,1 ,0 ,0 ,0 ,0 
2022,중랑구,82 ,163 ,94 ,34 ,30 ,2 ,1 ,10 ,0 ,3 ,6 ,0 ,1 ,0 ,1 ,0 
2022,중랑구,83 ,165 ,98 ,43 ,46 ,0 ,1 ,12 ,0 ,2 ,4 ,3 ,0 ,0 ,4 ,0 
2022,중랑구,84 ,157 ,78 ,36 ,34 ,1 ,1 ,9 ,0 ,0 ,6 ,1 ,0 ,0 ,0 ,0 
2022,중랑구,85 ,120 ,77 ,24 ,31 ,1 ,1 ,12 ,0 ,1 ,4 ,1 ,0 ,0 ,0 ,0 
2022,중랑구,86 ,109 ,76 ,27 ,16 ,0 ,1 ,10 ,0 ,1 ,3 ,3 ,0 ,0 ,0 ,0 
2022,중랑구,87 ,77 ,66 ,32 ,17 ,0 ,0 ,7 ,0 ,0 ,1 ,1 ,0 ,0 ,0 ,0 
2022,중랑구,88 ,69 ,53 ,17 ,14 ,0 ,0 ,5 ,0 ,0 ,6 ,1 ,0 ,0 ,0 ,0 
2022,중랑구,89 ,42 ,45 ,20 ,6 ,0 ,0 ,6 ,0 ,2 ,0 ,0 ,0 ,0 ,0 ,0 
2022,중랑구,90 ,39 ,47 ,12 ,11 ,0 ,0 ,1 ,0 ,0 ,0 ,2 ,0 ,0 ,0 ,0 
2022,중랑구,91 ,34 ,21 ,9 ,7 ,1 ,1 ,0 ,0 ,0 ,0 ,0 ,0 ,0 ,0 ,0 
2022,중랑구,92 ,22 ,21 ,5 ,3 ,0 ,0 ,0 ,0 ,0 ,1 ,0 ,0 ,0 ,1 ,0 
2022,중랑구,93 ,15 ,16 ,5 ,3 ,0 ,0 ,0 ,0 ,1 ,0 ,0 ,0 ,0 ,0 ,0 
2022,중랑구,94 ,12 ,14 ,5 ,3 ,0 ,0 ,1 ,0 ,0 ,2 ,1 ,0 ,0 ,0 ,0 
2022,중랑구,95 ,10 ,9 ,4 ,4 ,0 ,0 ,1 ,0 ,0 ,0 ,0 ,0 ,0 ,0 ,0 
2022,중랑구,96 ,9 ,7 ,0 ,1 ,0 ,0 ,1 ,0 ,0 ,0 ,0 ,0 ,0 ,0 ,0 
2022,중랑구,97 ,0 ,9 ,1 ,2 ,0 ,0 ,0 ,0 ,0 ,0 ,0 ,0 ,0 ,0 ,0 
2022,중랑구,98 ,1 ,3 ,0 ,1 ,0 ,0 ,0 ,0 ,0 ,0 ,0 ,0 ,0 ,0 ,0 
2022,중랑구,99 ,1 ,2 ,0 ,0 ,0 ,0 ,1 ,0 ,0 ,0 ,0 ,0 ,0 ,1 ,0 
2022,중랑구,100 ,2 ,1 ,0 ,0 ,0 ,0 ,0 ,0 ,0 ,0 ,0 ,0 ,0 ,0 ,0 
2022,중랑구,101 ,1 ,3 ,0 ,0 ,0 ,0 ,0 ,0 ,0 ,0 ,0 ,0 ,0 ,0 ,0 
2022,중랑구,102 ,0 ,0 ,0 ,1 ,0 ,0 ,0 ,0 ,0 ,0 ,0 ,0 ,0 ,0 ,0 
2022,성북구,1 ,0 ,1 ,0 ,0 ,0 ,0 ,0 ,0 ,0 ,0 ,0 ,0 ,0 ,0 ,0 
2022,성북구,2 ,0 ,1 ,0 ,5 ,0 ,0 ,0 ,0 ,0 ,0 ,0 ,1 ,0 ,0 ,0 
2022,성북구,3 ,1 ,0 ,0 ,2 ,0 ,0 ,0 ,2 ,0 ,0 ,0 ,0 ,0 ,0 ,0 
2022,성북구,4 ,0 ,1 ,1 ,6 ,4 ,0 ,0 ,4 ,5 ,0 ,0 ,0 ,0 ,1 ,0 
2022,성북구,5 ,0 ,2 ,1 ,5 ,3 ,0 ,0 ,3 ,9 ,0 ,0 ,0 ,0 ,0 ,0 
2022,성북구,6 ,1 ,3 ,1 ,2 ,9 ,0 ,0 ,15 ,6 ,0 ,0 ,0 ,0 ,0 ,0 
2022,성북구,7 ,0 ,3 ,2 ,8 ,14 ,0 ,0 ,15 ,4 ,0 ,0 ,0 ,0 ,0 ,0 
2022,성북구,8 ,1 ,3 ,1 ,6 ,9 ,0 ,0 ,17 ,2 ,0 ,0 ,0 ,0 ,0 ,0 
2022,성북구,9 ,0 ,2 ,2 ,5 ,16 ,0 ,0 ,16 ,2 ,0 ,0 ,0 ,0 ,0 ,0 
2022,성북구,10 ,1 ,5 ,1 ,5 ,21 ,0 ,0 ,12 ,0 ,1 ,0 ,0 ,1 ,1 ,0 
2022,성북구,11 ,1 ,2 ,0 ,4 ,21 ,0 ,0 ,12 ,0 ,0 ,0 ,1 ,1 ,0 ,0 
2022,성북구,12 ,2 ,0 ,0 ,1 ,19 ,0 ,0 ,18 ,0 ,0 ,0 ,0 ,0 ,0 ,0 
2022,성북구,13 ,1 ,0 ,1 ,2 ,19 ,0 ,0 ,10 ,0 ,0 ,0 ,1 ,0 ,0 ,0 
2022,성북구,14 ,3 ,0 ,1 ,3 ,17 ,0 ,0 ,8 ,0 ,0 ,0 ,0 ,0 ,0 ,0 
2022,성북구,15 ,2 ,3 ,0 ,1 ,19 ,0 ,0 ,12 ,1 ,1 ,0 ,0 ,0 ,1 ,0 
2022,성북구,16 ,2 ,1 ,1 ,4 ,23 ,0 ,0 ,6 ,0 ,0 ,0 ,0 ,1 ,1 ,0 
2022,성북구,17 ,5 ,2 ,2 ,9 ,27 ,0 ,0 ,13 ,0 ,0 ,0 ,0 ,0 ,0 ,0 
2022,성북구,18 ,6 ,2 ,6 ,6 ,21 ,0 ,0 ,6 ,3 ,0 ,0 ,0 ,0 ,0 ,0 
2022,성북구,19 ,1 ,2 ,3 ,4 ,21 ,0 ,0 ,7 ,0 ,0 ,0 ,0 ,1 ,0 ,0 
2022,성북구,20 ,6 ,3 ,2 ,4 ,32 ,0 ,0 ,7 ,0 ,0 ,0 ,0 ,0 ,0 ,0 
2022,성북구,21 ,10 ,2 ,4 ,9 ,25 ,0 ,1 ,5 ,1 ,0 ,0 ,0 ,0 ,1 ,0 
2022,성북구,22 ,8 ,6 ,3 ,9 ,40 ,0 ,1 ,8 ,0 ,1 ,0 ,0 ,0 ,0 ,0 
2022,성북구,23 ,6 ,4 ,11 ,4 ,33 ,1 ,1 ,11 ,0 ,0 ,0 ,1 ,1 ,0 ,1 
2022,성북구,24 ,6 ,6 ,9 ,11 ,30 ,2 ,0 ,7 ,0 ,0 ,0 ,0 ,0 ,0 ,0 
2022,성북구,25 ,7 ,9 ,3 ,8 ,28 ,3 ,3 ,7 ,0 ,0 ,0 ,1 ,1 ,1 ,0 
2022,성북구,26 ,7 ,8 ,7 ,9 ,27 ,2 ,0 ,7 ,0 ,0 ,0 ,1 ,0 ,0 ,0 
2022,성북구,27 ,7 ,3 ,5 ,6 ,26 ,3 ,3 ,9 ,0 ,0 ,0 ,1 ,0 ,0 ,0 
2022,성북구,28 ,10 ,3 ,7 ,6 ,38 ,5 ,4 ,5 ,1 ,0 ,0 ,0 ,1 ,0 ,0 
2022,성북구,29 ,14 ,5 ,4 ,4 ,35 ,5 ,2 ,3 ,1 ,0 ,1 ,1 ,0 ,0 ,1 
2022,성북구,30 ,11 ,5 ,5 ,7 ,37 ,2 ,3 ,3 ,0 ,0 ,0 ,1 ,1 ,1 ,0 
2022,성북구,31 ,8 ,6 ,6 ,8 ,18 ,7 ,3 ,7 ,1 ,0 ,0 ,0 ,0 ,0 ,0 
2022,성북구,32 ,13 ,6 ,10 ,5 ,14 ,7 ,0 ,1 ,2 ,1 ,0 ,0 ,0 ,0 ,0 
2022,성북구,33 ,11 ,2 ,3 ,6 ,24 ,8 ,7 ,3 ,0 ,0 ,0 ,0 ,0 ,0 ,0 
2022,성북구,34 ,18 ,7 ,5 ,4 ,15 ,3 ,2 ,5 ,0 ,0 ,0 ,0 ,0 ,1 ,0 
2022,성북구,35 ,15 ,4 ,6 ,3 ,23 ,5 ,5 ,1 ,0 ,0 ,0 ,0 ,3 ,0 ,0 
2022,성북구,36 ,19 ,1 ,12 ,9 ,19 ,3 ,2 ,1 ,0 ,0 ,0 ,0 ,0 ,0 ,0 
2022,성북구,37 ,21 ,3 ,9 ,3 ,13 ,8 ,5 ,0 ,0 ,0 ,0 ,2 ,0 ,0 ,0 
2022,성북구,38 ,17 ,5 ,8 ,13 ,15 ,3 ,3 ,0 ,1 ,1 ,0 ,2 ,0 ,0 ,0 
2022,성북구,39 ,28 ,5 ,12 ,7 ,25 ,6 ,4 ,0 ,0 ,0 ,0 ,1 ,3 ,1 ,0 
2022,성북구,40 ,36 ,2 ,11 ,6 ,23 ,7 ,7 ,3 ,1 ,1 ,0 ,0 ,0 ,0 ,0 
2022,성북구,41 ,39 ,12 ,13 ,10 ,17 ,12 ,8 ,0 ,0 ,0 ,0 ,1 ,2 ,0 ,0 
2022,성북구,42 ,41 ,11 ,16 ,9 ,23 ,5 ,7 ,1 ,0 ,0 ,1 ,1 ,2 ,0 ,0 
2022,성북구,43 ,59 ,10 ,17 ,12 ,22 ,12 ,7 ,1 ,1 ,0 ,0 ,1 ,0 ,0 ,0 
2022,성북구,44 ,53 ,5 ,20 ,12 ,13 ,8 ,8 ,0 ,3 ,1 ,0 ,0 ,2 ,0 ,0 
2022,성북구,45 ,52 ,11 ,18 ,11 ,18 ,14 ,8 ,0 ,4 ,0 ,0 ,1 ,1 ,0 ,0 
2022,성북구,46 ,58 ,10 ,19 ,8 ,12 ,12 ,9 ,0 ,0 ,1 ,0 ,1 ,0 ,0 ,0 
2022,성북구,47 ,80 ,6 ,19 ,7 ,20 ,17 ,14 ,0 ,3 ,2 ,0 ,2 ,0 ,0 ,0 
2022,성북구,48 ,77 ,7 ,30 ,10 ,17 ,22 ,13 ,0 ,0 ,1 ,1 ,2 ,0 ,0 ,1 
2022,성북구,49 ,87 ,12 ,27 ,13 ,18 ,22 ,22 ,1 ,2 ,3 ,0 ,1 ,1 ,0 ,2 
2022,성북구,50 ,96 ,6 ,37 ,17 ,14 ,30 ,8 ,0 ,2 ,0 ,2 ,3 ,1 ,1 ,2 
2022,성북구,51 ,105 ,10 ,43 ,23 ,22 ,26 ,16 ,0 ,2 ,2 ,2 ,3 ,2 ,0 ,0 
2022,성북구,52 ,101 ,20 ,28 ,16 ,18 ,23 ,18 ,0 ,2 ,1 ,0 ,0 ,2 ,0 ,1 
2022,성북구,53 ,125 ,11 ,28 ,23 ,11 ,20 ,14 ,0 ,4 ,2 ,1 ,1 ,4 ,0 ,2 
2022,성북구,54 ,117 ,14 ,28 ,23 ,11 ,28 ,23 ,0 ,1 ,1 ,0 ,3 ,2 ,1 ,0 
2022,성북구,55 ,127 ,13 ,31 ,20 ,17 ,21 ,17 ,0 ,7 ,1 ,1 ,7 ,3 ,1 ,0 
2022,성북구,56 ,165 ,17 ,31 ,14 ,9 ,13 ,19 ,0 ,2 ,1 ,1 ,3 ,0 ,1 ,0 
2022,성북구,57 ,128 ,29 ,34 ,26 ,13 ,23 ,18 ,0 ,1 ,1 ,0 ,3 ,2 ,0 ,0 
2022,성북구,58 ,145 ,23 ,40 ,26 ,6 ,21 ,16 ,0 ,1 ,4 ,2 ,3 ,0 ,1 ,1 
2022,성북구,59 ,141 ,22 ,21 ,24 ,8 ,26 ,21 ,0 ,1 ,3 ,5 ,5 ,1 ,0 ,0 
2022,성북구,60 ,156 ,26 ,49 ,22 ,8 ,9 ,26 ,0 ,1 ,0 ,0 ,5 ,1 ,1 ,0 
2022,성북구,61 ,177 ,27 ,48 ,31 ,10 ,21 ,24 ,0 ,1 ,2 ,2 ,5 ,1 ,1 ,0 
2022,성북구,62 ,203 ,41 ,40 ,42 ,6 ,20 ,21 ,0 ,8 ,3 ,3 ,4 ,2 ,0 ,1 
2022,성북구,63 ,198 ,29 ,45 ,42 ,7 ,19 ,33 ,0 ,5 ,6 ,1 ,3 ,2 ,0 ,1 
2022,성북구,64 ,202 ,34 ,45 ,39 ,7 ,17 ,24 ,0 ,8 ,0 ,2 ,1 ,0 ,1 ,0 
2022,성북구,65 ,212 ,39 ,39 ,34 ,8 ,15 ,22 ,0 ,6 ,5 ,2 ,7 ,0 ,0 ,1 
2022,성북구,66 ,192 ,36 ,44 ,37 ,5 ,21 ,27 ,0 ,3 ,2 ,2 ,4 ,1 ,0 ,0 
2022,성북구,67 ,201 ,44 ,41 ,54 ,5 ,13 ,20 ,0 ,2 ,5 ,6 ,4 ,1 ,0 ,1 
2022,성북구,68 ,201 ,36 ,50 ,42 ,5 ,11 ,26 ,0 ,3 ,4 ,7 ,4 ,0 ,1 ,2 
2022,성북구,69 ,183 ,41 ,40 ,42 ,3 ,8 ,19 ,0 ,4 ,2 ,4 ,4 ,1 ,0 ,1 
2022,성북구,70 ,213 ,58 ,48 ,53 ,1 ,8 ,16 ,0 ,10 ,8 ,5 ,3 ,0 ,0 ,0 
2022,성북구,71 ,141 ,37 ,32 ,37 ,0 ,6 ,13 ,0 ,4 ,3 ,2 ,3 ,0 ,0 ,1 
2022,성북구,72 ,188 ,61 ,38 ,43 ,4 ,5 ,13 ,0 ,5 ,4 ,3 ,6 ,1 ,0 ,0 
2022,성북구,73 ,238 ,71 ,48 ,44 ,2 ,4 ,24 ,0 ,2 ,4 ,5 ,2 ,0 ,0 ,0 
2022,성북구,74 ,207 ,70 ,45 ,68 ,1 ,5 ,22 ,0 ,1 ,11 ,3 ,3 ,0 ,2 ,0 
2022,성북구,75 ,211 ,85 ,68 ,52 ,1 ,7 ,23 ,0 ,3 ,3 ,7 ,5 ,0 ,0 ,0 
2022,성북구,76 ,198 ,86 ,46 ,42 ,4 ,3 ,10 ,0 ,2 ,6 ,2 ,0 ,0 ,4 ,0 
2022,성북구,77 ,184 ,84 ,41 ,40 ,1 ,2 ,19 ,0 ,3 ,5 ,4 ,2 ,0 ,1 ,0 
2022,성북구,78 ,193 ,93 ,31 ,48 ,1 ,2 ,11 ,0 ,5 ,4 ,1 ,3 ,0 ,2 ,1 
2022,성북구,79 ,212 ,106 ,60 ,44 ,1 ,2 ,22 ,0 ,4 ,2 ,3 ,0 ,0 ,2 ,0 
2022,성북구,80 ,237 ,123 ,70 ,79 ,0 ,3 ,22 ,0 ,3 ,4 ,3 ,1 ,0 ,0 ,0 
2022,성북구,81 ,208 ,116 ,43 ,42 ,1 ,5 ,12 ,0 ,3 ,5 ,2 ,1 ,0 ,1 ,0 
2022,성북구,82 ,158 ,102 ,33 ,52 ,0 ,0 ,13 ,0 ,2 ,0 ,4 ,0 ,0 ,1 ,0 
2022,성북구,83 ,166 ,107 ,38 ,43 ,2 ,0 ,11 ,0 ,1 ,2 ,3 ,0 ,0 ,3 ,0 
2022,성북구,84 ,139 ,102 ,35 ,30 ,1 ,0 ,7 ,0 ,3 ,6 ,1 ,0 ,0 ,0 ,0 
2022,성북구,85 ,121 ,91 ,28 ,32 ,0 ,0 ,10 ,0 ,1 ,7 ,1 ,1 ,0 ,0 ,0 
2022,성북구,86 ,102 ,99 ,20 ,26 ,0 ,1 ,6 ,0 ,0 ,0 ,1 ,0 ,0 ,0 ,0 
2022,성북구,87 ,86 ,76 ,27 ,25 ,0 ,0 ,7 ,0 ,0 ,3 ,0 ,0 ,0 ,2 ,0 
2022,성북구,88 ,79 ,63 ,16 ,13 ,0 ,0 ,2 ,0 ,3 ,2 ,0 ,0 ,0 ,0 ,0 
2022,성북구,89 ,53 ,47 ,15 ,20 ,0 ,0 ,5 ,0 ,1 ,2 ,0 ,0 ,0 ,0 ,0 
2022,성북구,90 ,38 ,57 ,12 ,13 ,0 ,0 ,1 ,0 ,1 ,1 ,1 ,0 ,0 ,0 ,0 
2022,성북구,91 ,39 ,44 ,12 ,1 ,0 ,1 ,1 ,0 ,0 ,2 ,0 ,0 ,0 ,0 ,0 
2022,성북구,92 ,22 ,44 ,7 ,10 ,0 ,0 ,2 ,0 ,0 ,1 ,0 ,0 ,0 ,0 ,0 
2022,성북구,93 ,18 ,36 ,6 ,5 ,0 ,0 ,0 ,0 ,0 ,1 ,0 ,0 ,0 ,0 ,0 
2022,성북구,94 ,18 ,25 ,5 ,6 ,0 ,0 ,0 ,0 ,0 ,0 ,0 ,0 ,0 ,0 ,0 
2022,성북구,95 ,7 ,14 ,3 ,6 ,0 ,0 ,1 ,0 ,1 ,0 ,0 ,0 ,0 ,0 ,0 
2022,성북구,96 ,2 ,8 ,2 ,1 ,0 ,0 ,0 ,0 ,0 ,0 ,0 ,0 ,0 ,0 ,0 
2022,성북구,97 ,3 ,3 ,1 ,0 ,0 ,0 ,0 ,0 ,0 ,0 ,0 ,0 ,0 ,0 ,0 
2022,성북구,98 ,0 ,5 ,0 ,3 ,0 ,0 ,0 ,0 ,0 ,0 ,0 ,0 ,0 ,0 ,0 
2022,성북구,99 ,3 ,6 ,2 ,0 ,0 ,0 ,0 ,0 ,0 ,0 ,0 ,0 ,0 ,0 ,0 
2022,성북구,100 ,1 ,1 ,3 ,1 ,0 ,0 ,0 ,0 ,0 ,0 ,0 ,0 ,0 ,0 ,0 
2022,성북구,101 ,1 ,0 ,1 ,0 ,0 ,0 ,0 ,0 ,0 ,0 ,0 ,0 ,0 ,0 ,0 
2022,성북구,102 ,1 ,0 ,0 ,0 ,0 ,0 ,0 ,0 ,0 ,0 ,0 ,0 ,0 ,0 ,0 
2022,성북구,103 ,0 ,1 ,1 ,0 ,0 ,0 ,0 ,0 ,0 ,0 ,0 ,0 ,0 ,0 ,0 
2022,성북구,107 ,0 ,1 ,0 ,0 ,0 ,0 ,0 ,0 ,0 ,0 ,0 ,0 ,0 ,0 ,0 
2022,강북구,1 ,0 ,0 ,0 ,1 ,0 ,0 ,0 ,0 ,0 ,0 ,0 ,0 ,0 ,0 ,0 
2022,강북구,2 ,0 ,0 ,1 ,4 ,0 ,0 ,0 ,0 ,0 ,0 ,0 ,0 ,0 ,0 ,0 
2022,강북구,3 ,0 ,0 ,0 ,2 ,2 ,0 ,0 ,3 ,0 ,0 ,0 ,0 ,0 ,0 ,0 
2022,강북구,4 ,0 ,3 ,2 ,5 ,5 ,0 ,0 ,5 ,2 ,0 ,0 ,0 ,0 ,0 ,0 
2022,강북구,5 ,1 ,0 ,1 ,3 ,5 ,0 ,0 ,2 ,2 ,0 ,0 ,0 ,0 ,0 ,0 
2022,강북구,6 ,1 ,1 ,0 ,2 ,10 ,0 ,0 ,16 ,5 ,0 ,0 ,0 ,0 ,0 ,0 
2022,강북구,7 ,1 ,0 ,5 ,2 ,7 ,0 ,0 ,10 ,4 ,0 ,0 ,0 ,0 ,0 ,0 
2022,강북구,8 ,2 ,1 ,5 ,1 ,9 ,0 ,0 ,12 ,1 ,0 ,0 ,0 ,0 ,0 ,0 
2022,강북구,9 ,1 ,2 ,3 ,2 ,15 ,0 ,0 ,6 ,1 ,0 ,0 ,1 ,0 ,0 ,0 
2022,강북구,10 ,1 ,1 ,4 ,1 ,11 ,0 ,0 ,7 ,2 ,0 ,0 ,0 ,0 ,0 ,0 
2022,강북구,11 ,1 ,3 ,5 ,3 ,13 ,0 ,0 ,4 ,1 ,0 ,0 ,1 ,0 ,0 ,0 
2022,강북구,12 ,0 ,2 ,1 ,2 ,14 ,0 ,0 ,9 ,0 ,0 ,0 ,0 ,0 ,0 ,0 
2022,강북구,13 ,0 ,3 ,2 ,1 ,12 ,0 ,0 ,6 ,1 ,1 ,0 ,0 ,0 ,0 ,0 
2022,강북구,14 ,0 ,4 ,0 ,3 ,24 ,0 ,0 ,4 ,0 ,0 ,0 ,0 ,0 ,0 ,0 
2022,강북구,15 ,1 ,1 ,3 ,0 ,16 ,0 ,0 ,10 ,2 ,0 ,0 ,1 ,0 ,0 ,0 
2022,강북구,16 ,3 ,4 ,6 ,4 ,13 ,0 ,0 ,2 ,1 ,0 ,0 ,0 ,0 ,0 ,0 
2022,강북구,17 ,1 ,8 ,3 ,5 ,14 ,0 ,0 ,2 ,0 ,0 ,0 ,0 ,0 ,0 ,0 
2022,강북구,18 ,3 ,0 ,3 ,1 ,20 ,0 ,0 ,4 ,1 ,0 ,0 ,1 ,0 ,0 ,0 
2022,강북구,19 ,0 ,5 ,3 ,6 ,17 ,0 ,0 ,5 ,1 ,0 ,0 ,0 ,0 ,0 ,0 
2022,강북구,20 ,1 ,3 ,3 ,9 ,22 ,0 ,0 ,5 ,0 ,0 ,0 ,0 ,0 ,0 ,0 
2022,강북구,21 ,0 ,2 ,8 ,1 ,25 ,0 ,0 ,7 ,0 ,0 ,0 ,0 ,0 ,0 ,0 
2022,강북구,22 ,6 ,10 ,7 ,6 ,42 ,2 ,1 ,5 ,0 ,0 ,0 ,0 ,0 ,0 ,0 
2022,강북구,23 ,3 ,9 ,5 ,3 ,20 ,0 ,0 ,13 ,0 ,0 ,0 ,0 ,0 ,1 ,0 
2022,강북구,24 ,9 ,4 ,7 ,2 ,35 ,2 ,1 ,6 ,0 ,0 ,0 ,0 ,0 ,0 ,0 
2022,강북구,25 ,8 ,5 ,6 ,7 ,28 ,1 ,0 ,10 ,0 ,0 ,0 ,1 ,0 ,0 ,0 
2022,강북구,26 ,4 ,9 ,6 ,5 ,35 ,0 ,0 ,3 ,0 ,0 ,1 ,0 ,2 ,1 ,0 
2022,강북구,27 ,10 ,7 ,7 ,5 ,34 ,3 ,0 ,10 ,0 ,0 ,0 ,0 ,0 ,1 ,0 
2022,강북구,28 ,6 ,4 ,14 ,3 ,37 ,4 ,1 ,6 ,0 ,0 ,0 ,0 ,0 ,0 ,0 
2022,강북구,29 ,9 ,12 ,8 ,6 ,37 ,3 ,2 ,7 ,0 ,0 ,0 ,0 ,1 ,1 ,0 
2022,강북구,30 ,9 ,6 ,12 ,4 ,36 ,5 ,2 ,3 ,0 ,0 ,0 ,1 ,0 ,0 ,0 
2022,강북구,31 ,13 ,4 ,10 ,5 ,24 ,5 ,2 ,3 ,0 ,1 ,0 ,0 ,0 ,0 ,0 
2022,강북구,32 ,14 ,6 ,6 ,3 ,31 ,1 ,6 ,2 ,0 ,0 ,1 ,0 ,1 ,0 ,0 
2022,강북구,33 ,11 ,6 ,9 ,4 ,24 ,4 ,1 ,3 ,0 ,0 ,0 ,0 ,0 ,0 ,0 
2022,강북구,34 ,13 ,6 ,10 ,2 ,25 ,2 ,7 ,0 ,0 ,0 ,0 ,0 ,1 ,0 ,0 
2022,강북구,35 ,12 ,7 ,8 ,5 ,26 ,5 ,2 ,3 ,2 ,0 ,1 ,0 ,1 ,0 ,0 
2022,강북구,36 ,17 ,8 ,12 ,4 ,22 ,6 ,3 ,0 ,0 ,0 ,0 ,0 ,0 ,1 ,0 
2022,강북구,37 ,19 ,7 ,9 ,3 ,21 ,5 ,3 ,1 ,0 ,0 ,0 ,0 ,1 ,0 ,0 
2022,강북구,38 ,9 ,8 ,8 ,3 ,18 ,9 ,4 ,0 ,0 ,0 ,0 ,1 ,0 ,1 ,0 
2022,강북구,39 ,22 ,6 ,9 ,6 ,23 ,11 ,8 ,1 ,1 ,0 ,0 ,0 ,2 ,0 ,0 
2022,강북구,40 ,28 ,7 ,12 ,5 ,25 ,18 ,5 ,0 ,1 ,0 ,1 ,0 ,0 ,0 ,0 
2022,강북구,41 ,40 ,5 ,24 ,14 ,23 ,10 ,7 ,0 ,0 ,1 ,0 ,0 ,0 ,0 ,0 
2022,강북구,42 ,34 ,7 ,9 ,6 ,15 ,12 ,3 ,0 ,2 ,0 ,0 ,0 ,0 ,0 ,0 
2022,강북구,43 ,39 ,8 ,15 ,12 ,24 ,13 ,3 ,0 ,4 ,0 ,0 ,0 ,0 ,0 ,0 
2022,강북구,44 ,36 ,8 ,15 ,6 ,17 ,16 ,9 ,0 ,0 ,0 ,0 ,1 ,1 ,0 ,0 
2022,강북구,45 ,36 ,11 ,17 ,9 ,15 ,19 ,8 ,0 ,0 ,0 ,1 ,3 ,1 ,0 ,0 
2022,강북구,46 ,38 ,10 ,13 ,12 ,17 ,18 ,10 ,0 ,1 ,0 ,0 ,1 ,2 ,0 ,0 
2022,강북구,47 ,55 ,6 ,16 ,12 ,16 ,21 ,9 ,0 ,1 ,1 ,0 ,1 ,3 ,1 ,0 
2022,강북구,48 ,62 ,8 ,16 ,11 ,19 ,18 ,16 ,0 ,1 ,0 ,0 ,0 ,1 ,0 ,0 
2022,강북구,49 ,71 ,11 ,24 ,14 ,20 ,26 ,10 ,0 ,2 ,0 ,0 ,1 ,4 ,0 ,0 
2022,강북구,50 ,87 ,13 ,18 ,19 ,20 ,20 ,14 ,0 ,2 ,0 ,0 ,0 ,1 ,2 ,0 
2022,강북구,51 ,100 ,9 ,21 ,20 ,28 ,29 ,14 ,0 ,4 ,2 ,0 ,0 ,2 ,0 ,0 
2022,강북구,52 ,99 ,13 ,27 ,20 ,19 ,32 ,19 ,0 ,1 ,1 ,1 ,1 ,1 ,1 ,0 
2022,강북구,53 ,92 ,9 ,27 ,20 ,9 ,25 ,16 ,0 ,2 ,3 ,2 ,5 ,4 ,1 ,0 
2022,강북구,54 ,123 ,19 ,32 ,23 ,19 ,34 ,24 ,0 ,1 ,1 ,2 ,4 ,1 ,0 ,0 
2022,강북구,55 ,152 ,21 ,20 ,21 ,20 ,28 ,15 ,0 ,4 ,1 ,0 ,3 ,0 ,0 ,0 
2022,강북구,56 ,136 ,17 ,34 ,30 ,7 ,25 ,18 ,0 ,3 ,3 ,0 ,6 ,2 ,1 ,0 
2022,강북구,57 ,122 ,23 ,35 ,29 ,13 ,29 ,17 ,0 ,5 ,2 ,5 ,2 ,0 ,0 ,1 
2022,강북구,58 ,142 ,17 ,29 ,24 ,14 ,38 ,14 ,0 ,1 ,0 ,5 ,3 ,2 ,0 ,1 
2022,강북구,59 ,152 ,27 ,37 ,23 ,9 ,24 ,24 ,0 ,6 ,1 ,0 ,3 ,3 ,3 ,0 
2022,강북구,60 ,186 ,37 ,47 ,32 ,9 ,22 ,20 ,0 ,3 ,4 ,3 ,4 ,2 ,0 ,0 
2022,강북구,61 ,179 ,37 ,47 ,40 ,9 ,21 ,22 ,0 ,4 ,3 ,3 ,2 ,3 ,0 ,1 
2022,강북구,62 ,221 ,48 ,59 ,44 ,16 ,19 ,36 ,0 ,6 ,4 ,2 ,3 ,1 ,1 ,0 
2022,강북구,63 ,206 ,45 ,35 ,48 ,7 ,17 ,28 ,0 ,3 ,3 ,2 ,4 ,0 ,1 ,0 
2022,강북구,64 ,207 ,40 ,38 ,36 ,12 ,20 ,23 ,0 ,5 ,1 ,3 ,0 ,2 ,1 ,0 
2022,강북구,65 ,204 ,42 ,39 ,54 ,7 ,20 ,19 ,0 ,3 ,4 ,2 ,1 ,2 ,3 ,0 
2022,강북구,66 ,220 ,42 ,38 ,45 ,6 ,10 ,22 ,0 ,4 ,1 ,3 ,5 ,1 ,0 ,0 
2022,강북구,67 ,244 ,65 ,42 ,52 ,8 ,8 ,24 ,0 ,4 ,8 ,3 ,0 ,2 ,0 ,1 
2022,강북구,68 ,217 ,51 ,42 ,35 ,5 ,16 ,27 ,0 ,3 ,1 ,5 ,3 ,0 ,2 ,0 
2022,강북구,69 ,171 ,51 ,35 ,41 ,4 ,6 ,14 ,0 ,4 ,5 ,3 ,3 ,1 ,0 ,1 
2022,강북구,70 ,227 ,66 ,56 ,51 ,1 ,9 ,15 ,0 ,2 ,4 ,4 ,4 ,1 ,1 ,0 
2022,강북구,71 ,191 ,38 ,60 ,41 ,3 ,7 ,12 ,0 ,4 ,3 ,4 ,0 ,0 ,0 ,0 
2022,강북구,72 ,198 ,74 ,30 ,32 ,3 ,7 ,12 ,0 ,3 ,3 ,3 ,6 ,0 ,1 ,0 
2022,강북구,73 ,226 ,89 ,57 ,59 ,1 ,8 ,14 ,0 ,5 ,3 ,2 ,0 ,0 ,1 ,1 
2022,강북구,74 ,215 ,89 ,41 ,50 ,4 ,3 ,17 ,0 ,3 ,8 ,4 ,3 ,0 ,0 ,0 
2022,강북구,75 ,239 ,99 ,61 ,42 ,4 ,5 ,19 ,0 ,2 ,2 ,7 ,0 ,0 ,0 ,0 
2022,강북구,76 ,213 ,75 ,51 ,30 ,0 ,5 ,17 ,0 ,2 ,5 ,6 ,0 ,0 ,1 ,0 
2022,강북구,77 ,170 ,98 ,51 ,48 ,1 ,3 ,18 ,0 ,2 ,4 ,0 ,1 ,0 ,1 ,1 
2022,강북구,78 ,198 ,104 ,34 ,54 ,1 ,5 ,10 ,0 ,1 ,5 ,3 ,4 ,0 ,1 ,0 
2022,강북구,79 ,194 ,101 ,42 ,49 ,2 ,2 ,18 ,0 ,2 ,4 ,8 ,0 ,0 ,1 ,0 
2022,강북구,80 ,253 ,167 ,64 ,54 ,1 ,1 ,17 ,0 ,5 ,3 ,1 ,0 ,0 ,3 ,0 
2022,강북구,81 ,186 ,111 ,59 ,54 ,0 ,0 ,18 ,0 ,4 ,9 ,4 ,1 ,0 ,0 ,0 
2022,강북구,82 ,139 ,87 ,34 ,32 ,1 ,0 ,8 ,0 ,0 ,7 ,2 ,0 ,0 ,0 ,0 
2022,강북구,83 ,152 ,96 ,35 ,37 ,0 ,0 ,8 ,0 ,0 ,3 ,0 ,0 ,0 ,0 ,0 
2022,강북구,84 ,129 ,90 ,35 ,25 ,1 ,1 ,5 ,0 ,0 ,8 ,0 ,0 ,0 ,0 ,0 
2022,강북구,85 ,114 ,95 ,25 ,23 ,0 ,0 ,11 ,0 ,2 ,3 ,0 ,0 ,0 ,0 ,0 
2022,강북구,86 ,84 ,84 ,20 ,21 ,0 ,0 ,5 ,0 ,1 ,2 ,0 ,0 ,0 ,1 ,0 
2022,강북구,87 ,85 ,82 ,14 ,14 ,0 ,0 ,10 ,0 ,0 ,3 ,1 ,0 ,0 ,0 ,0 
2022,강북구,88 ,53 ,53 ,18 ,13 ,0 ,0 ,2 ,0 ,2 ,0 ,2 ,0 ,0 ,0 ,0 
2022,강북구,89 ,44 ,55 ,10 ,10 ,0 ,0 ,2 ,0 ,1 ,1 ,0 ,0 ,0 ,0 ,0 
2022,강북구,90 ,30 ,36 ,7 ,5 ,0 ,0 ,3 ,0 ,0 ,0 ,0 ,0 ,0 ,0 ,0 
2022,강북구,91 ,23 ,32 ,6 ,8 ,0 ,0 ,2 ,0 ,0 ,1 ,0 ,0 ,0 ,0 ,0 
2022,강북구,92 ,17 ,33 ,3 ,2 ,0 ,0 ,0 ,0 ,0 ,0 ,0 ,0 ,0 ,0 ,0 
2022,강북구,93 ,11 ,22 ,4 ,1 ,0 ,0 ,1 ,0 ,0 ,0 ,0 ,0 ,0 ,0 ,0 
2022,강북구,94 ,9 ,22 ,4 ,4 ,0 ,0 ,0 ,0 ,0 ,0 ,0 ,0 ,0 ,0 ,0 
2022,강북구,95 ,5 ,11 ,2 ,3 ,0 ,0 ,0 ,0 ,0 ,0 ,0 ,0 ,0 ,0 ,0 
2022,강북구,96 ,2 ,6 ,0 ,0 ,0 ,0 ,0 ,0 ,0 ,0 ,0 ,0 ,0 ,0 ,0 
2022,강북구,97 ,3 ,4 ,1 ,0 ,0 ,0 ,0 ,0 ,0 ,1 ,0 ,0 ,0 ,0 ,0 
2022,강북구,98 ,5 ,5 ,0 ,1 ,0 ,0 ,0 ,0 ,0 ,0 ,0 ,0 ,0 ,0 ,0 
2022,강북구,99 ,2 ,3 ,1 ,1 ,0 ,0 ,2 ,0 ,0 ,0 ,0 ,0 ,0 ,0 ,0 
2022,강북구,101 ,0 ,2 ,0 ,0 ,0 ,0 ,0 ,0 ,0 ,0 ,0 ,0 ,0 ,0 ,0 
2022,강북구,102 ,0 ,1 ,0 ,0 ,0 ,0 ,0 ,0 ,0 ,0 ,0 ,0 ,0 ,0 ,0 
2022,강북구,103 ,1 ,0 ,0 ,0 ,0 ,0 ,0 ,0 ,0 ,0 ,0 ,0 ,0 ,0 ,0 
2022,강북구,105 ,0 ,1 ,0 ,0 ,0 ,0 ,0 ,0 ,0 ,0 ,0 ,0 ,0 ,0 ,0 
2022,도봉구,2 ,1 ,0 ,2 ,2 ,0 ,0 ,0 ,0 ,0 ,0 ,0 ,0 ,0 ,1 ,0 
2022,도봉구,3 ,1 ,2 ,0 ,7 ,0 ,0 ,0 ,2 ,0 ,0 ,0 ,0 ,0 ,0 ,0 
2022,도봉구,4 ,0 ,1 ,2 ,4 ,0 ,0 ,0 ,4 ,4 ,0 ,0 ,0 ,0 ,0 ,0 
2022,도봉구,5 ,0 ,0 ,1 ,5 ,2 ,0 ,0 ,4 ,6 ,0 ,0 ,0 ,0 ,0 ,0 
2022,도봉구,6 ,1 ,1 ,0 ,5 ,4 ,0 ,0 ,10 ,3 ,0 ,0 ,0 ,0 ,0 ,0 
2022,도봉구,7 ,0 ,1 ,2 ,6 ,11 ,0 ,0 ,8 ,4 ,0 ,0 ,0 ,0 ,0 ,0 
2022,도봉구,8 ,0 ,1 ,0 ,6 ,15 ,0 ,0 ,7 ,3 ,0 ,0 ,0 ,0 ,2 ,0 
2022,도봉구,9 ,0 ,2 ,0 ,3 ,20 ,0 ,1 ,12 ,0 ,0 ,0 ,0 ,0 ,0 ,0 
2022,도봉구,10 ,1 ,0 ,0 ,1 ,7 ,0 ,0 ,9 ,4 ,0 ,0 ,1 ,0 ,0 ,0 
2022,도봉구,11 ,1 ,0 ,1 ,4 ,20 ,0 ,0 ,8 ,1 ,0 ,0 ,1 ,0 ,1 ,0 
2022,도봉구,12 ,2 ,3 ,1 ,4 ,20 ,0 ,0 ,11 ,0 ,0 ,0 ,0 ,0 ,0 ,0 
2022,도봉구,13 ,0 ,0 ,0 ,2 ,15 ,0 ,1 ,5 ,0 ,0 ,0 ,1 ,0 ,1 ,0 
2022,도봉구,14 ,1 ,1 ,1 ,4 ,13 ,0 ,2 ,9 ,0 ,0 ,0 ,0 ,0 ,0 ,0 
2022,도봉구,15 ,1 ,2 ,2 ,1 ,15 ,0 ,0 ,6 ,0 ,1 ,0 ,2 ,0 ,0 ,0 
2022,도봉구,16 ,4 ,2 ,1 ,2 ,17 ,1 ,0 ,3 ,0 ,0 ,0 ,0 ,0 ,0 ,0 
2022,도봉구,17 ,3 ,3 ,1 ,4 ,12 ,0 ,0 ,3 ,0 ,0 ,0 ,0 ,0 ,0 ,0 
2022,도봉구,18 ,3 ,2 ,2 ,3 ,26 ,0 ,1 ,4 ,1 ,1 ,0 ,0 ,0 ,0 ,0 
2022,도봉구,19 ,3 ,4 ,3 ,5 ,16 ,1 ,1 ,3 ,0 ,0 ,0 ,0 ,0 ,0 ,0 
2022,도봉구,20 ,0 ,2 ,1 ,6 ,20 ,0 ,0 ,4 ,1 ,0 ,0 ,0 ,0 ,0 ,0 
2022,도봉구,21 ,4 ,4 ,3 ,3 ,28 ,1 ,0 ,5 ,0 ,0 ,0 ,0 ,0 ,0 ,0 
2022,도봉구,22 ,8 ,3 ,3 ,4 ,25 ,1 ,0 ,5 ,1 ,0 ,0 ,0 ,1 ,1 ,0 
2022,도봉구,23 ,2 ,2 ,5 ,2 ,32 ,0 ,0 ,7 ,0 ,0 ,0 ,0 ,0 ,0 ,0 
2022,도봉구,24 ,8 ,6 ,1 ,3 ,33 ,0 ,2 ,10 ,0 ,0 ,0 ,0 ,1 ,3 ,0 
2022,도봉구,25 ,6 ,3 ,4 ,6 ,33 ,4 ,1 ,9 ,0 ,0 ,0 ,0 ,1 ,1 ,0 
2022,도봉구,26 ,7 ,6 ,7 ,3 ,36 ,2 ,2 ,2 ,1 ,1 ,0 ,0 ,0 ,0 ,0 
2022,도봉구,27 ,5 ,4 ,5 ,3 ,37 ,2 ,1 ,8 ,0 ,0 ,0 ,0 ,0 ,0 ,0 
2022,도봉구,28 ,9 ,3 ,4 ,2 ,45 ,4 ,2 ,5 ,0 ,0 ,0 ,0 ,1 ,1 ,0 
2022,도봉구,29 ,7 ,4 ,4 ,9 ,35 ,6 ,3 ,3 ,0 ,0 ,0 ,0 ,0 ,0 ,0 
2022,도봉구,30 ,8 ,2 ,8 ,4 ,18 ,4 ,2 ,3 ,0 ,1 ,0 ,0 ,1 ,1 ,0 
2022,도봉구,31 ,8 ,7 ,4 ,10 ,33 ,7 ,0 ,4 ,0 ,0 ,0 ,1 ,0 ,1 ,0 
2022,도봉구,32 ,13 ,4 ,6 ,2 ,30 ,7 ,0 ,6 ,1 ,0 ,0 ,0 ,1 ,1 ,0 
2022,도봉구,33 ,16 ,1 ,4 ,3 ,18 ,10 ,2 ,2 ,0 ,0 ,0 ,0 ,1 ,1 ,0 
2022,도봉구,34 ,14 ,6 ,5 ,3 ,22 ,6 ,4 ,7 ,1 ,0 ,0 ,0 ,0 ,1 ,0 
2022,도봉구,35 ,15 ,0 ,6 ,2 ,20 ,6 ,2 ,7 ,1 ,0 ,0 ,0 ,0 ,0 ,0 
2022,도봉구,36 ,16 ,5 ,3 ,2 ,13 ,5 ,6 ,4 ,1 ,0 ,0 ,0 ,0 ,0 ,1 
2022,도봉구,37 ,22 ,1 ,8 ,4 ,21 ,10 ,1 ,1 ,0 ,1 ,0 ,0 ,1 ,1 ,0 
2022,도봉구,38 ,18 ,2 ,6 ,4 ,13 ,12 ,1 ,2 ,0 ,0 ,0 ,1 ,0 ,0 ,0 
2022,도봉구,39 ,26 ,4 ,18 ,3 ,20 ,11 ,4 ,1 ,0 ,1 ,0 ,1 ,1 ,0 ,0 
2022,도봉구,40 ,28 ,10 ,10 ,8 ,21 ,9 ,2 ,1 ,1 ,0 ,0 ,0 ,0 ,0 ,0 
2022,도봉구,41 ,33 ,7 ,6 ,8 ,24 ,15 ,7 ,1 ,0 ,1 ,1 ,0 ,3 ,0 ,0 
2022,도봉구,42 ,23 ,8 ,14 ,8 ,17 ,13 ,5 ,0 ,0 ,0 ,0 ,1 ,1 ,1 ,0 
2022,도봉구,43 ,27 ,3 ,6 ,7 ,20 ,19 ,5 ,0 ,0 ,1 ,0 ,0 ,0 ,0 ,1 
2022,도봉구,44 ,36 ,4 ,9 ,14 ,18 ,13 ,2 ,0 ,1 ,0 ,0 ,0 ,0 ,0 ,1 
2022,도봉구,45 ,44 ,3 ,20 ,13 ,17 ,14 ,4 ,2 ,0 ,0 ,1 ,2 ,0 ,0 ,0 
2022,도봉구,46 ,55 ,9 ,11 ,10 ,10 ,15 ,7 ,1 ,0 ,1 ,0 ,1 ,2 ,0 ,2 
2022,도봉구,47 ,29 ,3 ,11 ,9 ,15 ,13 ,9 ,0 ,2 ,0 ,0 ,1 ,1 ,1 ,1 
2022,도봉구,48 ,64 ,4 ,16 ,11 ,16 ,13 ,15 ,0 ,2 ,0 ,1 ,0 ,1 ,0 ,0 
2022,도봉구,49 ,61 ,6 ,27 ,14 ,18 ,17 ,9 ,0 ,1 ,0 ,0 ,2 ,1 ,0 ,0 
2022,도봉구,50 ,48 ,10 ,18 ,21 ,18 ,24 ,11 ,0 ,2 ,0 ,1 ,0 ,1 ,1 ,0 
2022,도봉구,51 ,81 ,7 ,20 ,26 ,13 ,23 ,12 ,1 ,3 ,1 ,1 ,0 ,0 ,0 ,0 
2022,도봉구,52 ,107 ,11 ,18 ,21 ,10 ,39 ,16 ,0 ,0 ,3 ,0 ,1 ,2 ,0 ,0 
2022,도봉구,53 ,100 ,15 ,22 ,18 ,18 ,29 ,16 ,0 ,4 ,0 ,0 ,1 ,5 ,0 ,1 
2022,도봉구,54 ,107 ,12 ,31 ,18 ,20 ,23 ,18 ,0 ,0 ,0 ,2 ,3 ,1 ,0 ,0 
2022,도봉구,55 ,128 ,13 ,31 ,14 ,10 ,23 ,12 ,0 ,4 ,1 ,2 ,1 ,0 ,1 ,0 
2022,도봉구,56 ,116 ,12 ,25 ,16 ,6 ,22 ,19 ,0 ,0 ,3 ,2 ,2 ,2 ,0 ,0 
2022,도봉구,57 ,128 ,8 ,18 ,32 ,11 ,25 ,22 ,0 ,1 ,1 ,0 ,4 ,1 ,1 ,0 
2022,도봉구,58 ,125 ,25 ,22 ,25 ,7 ,19 ,16 ,0 ,3 ,1 ,0 ,5 ,2 ,0 ,0 
2022,도봉구,59 ,125 ,26 ,23 ,27 ,7 ,27 ,14 ,0 ,4 ,3 ,0 ,1 ,1 ,0 ,0 
2022,도봉구,60 ,166 ,23 ,36 ,31 ,7 ,20 ,30 ,1 ,1 ,0 ,3 ,2 ,2 ,0 ,0 
2022,도봉구,61 ,183 ,36 ,35 ,28 ,8 ,19 ,20 ,0 ,4 ,0 ,3 ,4 ,0 ,0 ,0 
2022,도봉구,62 ,195 ,27 ,48 ,34 ,5 ,17 ,29 ,0 ,4 ,3 ,4 ,4 ,0 ,1 ,0 
2022,도봉구,63 ,194 ,31 ,54 ,41 ,5 ,18 ,29 ,0 ,4 ,2 ,1 ,2 ,0 ,1 ,1 
2022,도봉구,64 ,187 ,34 ,45 ,38 ,6 ,15 ,18 ,0 ,1 ,1 ,5 ,2 ,2 ,1 ,0 
2022,도봉구,65 ,200 ,45 ,37 ,36 ,11 ,8 ,22 ,0 ,1 ,4 ,3 ,6 ,0 ,2 ,1 
2022,도봉구,66 ,172 ,47 ,28 ,29 ,5 ,15 ,26 ,0 ,1 ,1 ,5 ,10 ,0 ,0 ,1 
2022,도봉구,67 ,231 ,51 ,29 ,58 ,1 ,8 ,25 ,0 ,2 ,0 ,4 ,2 ,0 ,0 ,1 
2022,도봉구,68 ,179 ,44 ,35 ,43 ,4 ,7 ,18 ,0 ,1 ,5 ,1 ,5 ,0 ,1 ,1 
2022,도봉구,69 ,145 ,37 ,35 ,34 ,2 ,5 ,20 ,0 ,3 ,5 ,2 ,2 ,1 ,0 ,0 
2022,도봉구,70 ,190 ,35 ,40 ,51 ,2 ,13 ,18 ,0 ,2 ,3 ,2 ,3 ,0 ,0 ,1 
2022,도봉구,71 ,154 ,54 ,34 ,42 ,1 ,2 ,15 ,0 ,5 ,5 ,0 ,3 ,0 ,0 ,0 
2022,도봉구,72 ,159 ,54 ,44 ,35 ,2 ,5 ,19 ,0 ,1 ,4 ,0 ,1 ,1 ,1 ,1 
2022,도봉구,73 ,167 ,49 ,38 ,52 ,1 ,5 ,25 ,0 ,5 ,3 ,5 ,4 ,0 ,0 ,0 
2022,도봉구,74 ,201 ,81 ,38 ,46 ,1 ,4 ,16 ,0 ,0 ,5 ,2 ,3 ,0 ,1 ,0 
2022,도봉구,75 ,182 ,81 ,53 ,53 ,1 ,2 ,19 ,0 ,1 ,7 ,4 ,3 ,0 ,2 ,0 
2022,도봉구,76 ,158 ,71 ,44 ,39 ,2 ,4 ,15 ,0 ,5 ,5 ,3 ,2 ,0 ,0 ,0 
2022,도봉구,77 ,159 ,83 ,37 ,32 ,0 ,5 ,15 ,0 ,3 ,5 ,0 ,3 ,0 ,0 ,0 
2022,도봉구,78 ,174 ,74 ,33 ,46 ,0 ,4 ,11 ,0 ,2 ,3 ,0 ,0 ,0 ,0 ,0 
2022,도봉구,79 ,157 ,89 ,47 ,52 ,0 ,0 ,12 ,0 ,3 ,3 ,1 ,0 ,0 ,1 ,1 
2022,도봉구,80 ,199 ,145 ,52 ,48 ,1 ,0 ,24 ,0 ,2 ,7 ,3 ,0 ,0 ,0 ,0 
2022,도봉구,81 ,152 ,99 ,38 ,51 ,1 ,0 ,13 ,0 ,0 ,6 ,0 ,2 ,0 ,0 ,1 
2022,도봉구,82 ,118 ,98 ,34 ,49 ,1 ,1 ,8 ,0 ,2 ,5 ,0 ,0 ,0 ,0 ,0 
2022,도봉구,83 ,135 ,86 ,37 ,44 ,0 ,0 ,9 ,0 ,2 ,5 ,0 ,1 ,0 ,0 ,1 
2022,도봉구,84 ,111 ,90 ,34 ,40 ,0 ,2 ,8 ,0 ,3 ,4 ,3 ,0 ,0 ,0 ,0 
2022,도봉구,85 ,114 ,68 ,36 ,30 ,0 ,0 ,9 ,0 ,0 ,2 ,0 ,1 ,0 ,1 ,0 
2022,도봉구,86 ,76 ,72 ,22 ,21 ,0 ,0 ,1 ,0 ,0 ,1 ,1 ,0 ,0 ,1 ,0 
2022,도봉구,87 ,78 ,71 ,20 ,26 ,0 ,1 ,1 ,0 ,0 ,5 ,1 ,0 ,0 ,0 ,0 
2022,도봉구,88 ,52 ,54 ,16 ,13 ,0 ,0 ,1 ,0 ,0 ,3 ,0 ,0 ,0 ,0 ,0 
2022,도봉구,89 ,42 ,52 ,7 ,13 ,1 ,0 ,0 ,0 ,0 ,2 ,0 ,0 ,0 ,0 ,0 
2022,도봉구,90 ,37 ,42 ,11 ,9 ,0 ,0 ,2 ,0 ,0 ,4 ,0 ,0 ,0 ,0 ,0 
2022,도봉구,91 ,29 ,32 ,11 ,4 ,0 ,0 ,1 ,0 ,0 ,1 ,0 ,0 ,0 ,1 ,0 
2022,도봉구,92 ,10 ,34 ,9 ,0 ,0 ,0 ,1 ,0 ,1 ,0 ,1 ,0 ,0 ,0 ,0 
2022,도봉구,93 ,19 ,31 ,3 ,3 ,1 ,0 ,0 ,0 ,0 ,2 ,0 ,0 ,0 ,0 ,0 
2022,도봉구,94 ,9 ,19 ,5 ,1 ,0 ,0 ,0 ,0 ,0 ,1 ,0 ,0 ,0 ,0 ,0 
2022,도봉구,95 ,10 ,16 ,2 ,2 ,0 ,0 ,0 ,0 ,0 ,1 ,0 ,0 ,0 ,0 ,0 
2022,도봉구,96 ,4 ,10 ,3 ,2 ,0 ,0 ,1 ,0 ,0 ,0 ,0 ,0 ,0 ,0 ,0 
2022,도봉구,97 ,3 ,4 ,0 ,2 ,0 ,0 ,0 ,0 ,0 ,0 ,0 ,0 ,0 ,0 ,0 
2022,도봉구,98 ,3 ,7 ,2 ,0 ,0 ,0 ,0 ,0 ,0 ,0 ,0 ,0 ,0 ,0 ,0 
2022,도봉구,99 ,3 ,8 ,2 ,0 ,0 ,0 ,0 ,0 ,0 ,0 ,0 ,0 ,0 ,0 ,0 
2022,도봉구,100 ,1 ,1 ,0 ,0 ,0 ,0 ,0 ,0 ,0 ,0 ,0 ,0 ,0 ,0 ,0 
2022,도봉구,101 ,1 ,0 ,0 ,0 ,0 ,0 ,0 ,0 ,0 ,0 ,0 ,0 ,0 ,0 ,0 
2022,도봉구,102 ,0 ,0 ,1 ,0 ,0 ,0 ,0 ,0 ,0 ,0 ,0 ,0 ,0 ,0 ,0 
2022,도봉구,104 ,1 ,0 ,1 ,0 ,0 ,0 ,0 ,0 ,0 ,0 ,0 ,0 ,0 ,0 ,0 
2022,노원구,1 ,0 ,0 ,0 ,1 ,0 ,0 ,1 ,0 ,0 ,0 ,0 ,0 ,0 ,0 ,0 
2022,노원구,2 ,0 ,1 ,0 ,4 ,0 ,0 ,0 ,0 ,0 ,0 ,0 ,0 ,0 ,1 ,0 
2022,노원구,3 ,0 ,2 ,1 ,2 ,1 ,0 ,0 ,1 ,2 ,0 ,0 ,0 ,0 ,0 ,0 
2022,노원구,4 ,0 ,0 ,1 ,7 ,1 ,0 ,0 ,7 ,3 ,0 ,0 ,0 ,0 ,1 ,0 
2022,노원구,5 ,0 ,1 ,0 ,8 ,3 ,0 ,0 ,7 ,2 ,0 ,0 ,0 ,0 ,0 ,0 
2022,노원구,6 ,0 ,1 ,4 ,3 ,14 ,0 ,0 ,18 ,8 ,0 ,0 ,0 ,0 ,0 ,0 
2022,노원구,7 ,0 ,1 ,4 ,1 ,22 ,0 ,0 ,14 ,3 ,0 ,0 ,0 ,0 ,0 ,0 
2022,노원구,8 ,0 ,4 ,2 ,5 ,17 ,0 ,0 ,23 ,5 ,0 ,0 ,0 ,0 ,0 ,0 
2022,노원구,9 ,1 ,2 ,2 ,2 ,23 ,0 ,0 ,15 ,0 ,0 ,0 ,0 ,0 ,1 ,0 
2022,노원구,10 ,1 ,2 ,0 ,7 ,27 ,0 ,0 ,16 ,1 ,0 ,0 ,0 ,0 ,1 ,0 
2022,노원구,11 ,2 ,2 ,2 ,6 ,26 ,0 ,1 ,8 ,0 ,0 ,0 ,0 ,0 ,0 ,0 
2022,노원구,12 ,5 ,3 ,1 ,3 ,32 ,0 ,1 ,18 ,0 ,0 ,0 ,0 ,0 ,0 ,0 
2022,노원구,13 ,2 ,2 ,1 ,12 ,41 ,0 ,0 ,13 ,1 ,0 ,0 ,0 ,1 ,0 ,0 
2022,노원구,14 ,3 ,2 ,1 ,6 ,33 ,0 ,0 ,12 ,0 ,0 ,0 ,0 ,1 ,0 ,0 
2022,노원구,15 ,3 ,2 ,2 ,10 ,36 ,0 ,1 ,12 ,0 ,0 ,0 ,1 ,0 ,0 ,0 
2022,노원구,16 ,5 ,1 ,2 ,3 ,30 ,1 ,0 ,9 ,1 ,0 ,0 ,1 ,1 ,1 ,0 
2022,노원구,17 ,1 ,4 ,6 ,7 ,29 ,0 ,0 ,10 ,0 ,0 ,0 ,0 ,0 ,1 ,0 
2022,노원구,18 ,6 ,3 ,1 ,12 ,35 ,0 ,0 ,8 ,0 ,0 ,0 ,0 ,0 ,0 ,0 
2022,노원구,19 ,7 ,3 ,3 ,4 ,28 ,0 ,0 ,12 ,1 ,0 ,0 ,0 ,0 ,0 ,0 
2022,노원구,20 ,2 ,3 ,3 ,6 ,46 ,1 ,0 ,17 ,0 ,0 ,0 ,0 ,0 ,0 ,0 
2022,노원구,21 ,7 ,3 ,4 ,9 ,50 ,1 ,1 ,17 ,0 ,1 ,0 ,0 ,1 ,0 ,0 
2022,노원구,22 ,9 ,3 ,4 ,6 ,65 ,0 ,0 ,16 ,2 ,0 ,0 ,0 ,1 ,0 ,1 
2022,노원구,23 ,10 ,1 ,11 ,9 ,57 ,2 ,1 ,13 ,3 ,0 ,0 ,0 ,0 ,0 ,1 
2022,노원구,24 ,6 ,1 ,7 ,10 ,62 ,2 ,2 ,17 ,0 ,0 ,0 ,0 ,0 ,0 ,0 
2022,노원구,25 ,11 ,7 ,5 ,7 ,61 ,2 ,2 ,10 ,0 ,0 ,0 ,1 ,0 ,0 ,0 
2022,노원구,26 ,18 ,3 ,4 ,13 ,63 ,2 ,1 ,18 ,1 ,0 ,0 ,1 ,1 ,2 ,2 
2022,노원구,27 ,12 ,4 ,12 ,10 ,49 ,5 ,1 ,16 ,0 ,0 ,0 ,0 ,0 ,0 ,0 
2022,노원구,28 ,10 ,4 ,9 ,9 ,41 ,9 ,3 ,7 ,0 ,0 ,0 ,0 ,1 ,1 ,0 
2022,노원구,29 ,17 ,3 ,8 ,8 ,48 ,6 ,0 ,5 ,1 ,2 ,0 ,0 ,1 ,1 ,0 
2022,노원구,30 ,11 ,2 ,6 ,6 ,51 ,11 ,3 ,18 ,1 ,1 ,0 ,0 ,0 ,0 ,0 
2022,노원구,31 ,21 ,4 ,9 ,8 ,50 ,8 ,3 ,9 ,1 ,0 ,0 ,0 ,1 ,0 ,0 
2022,노원구,32 ,23 ,7 ,11 ,6 ,54 ,7 ,1 ,13 ,1 ,0 ,0 ,0 ,1 ,1 ,1 
2022,노원구,33 ,22 ,2 ,12 ,10 ,56 ,10 ,6 ,7 ,1 ,0 ,0 ,0 ,1 ,0 ,0 
2022,노원구,34 ,19 ,11 ,10 ,12 ,55 ,7 ,2 ,8 ,2 ,0 ,0 ,0 ,1 ,0 ,0 
2022,노원구,35 ,20 ,2 ,13 ,7 ,47 ,9 ,2 ,4 ,1 ,0 ,0 ,1 ,0 ,0 ,0 
2022,노원구,36 ,23 ,10 ,13 ,10 ,43 ,13 ,7 ,6 ,2 ,0 ,0 ,0 ,1 ,1 ,0 
2022,노원구,37 ,32 ,11 ,13 ,8 ,39 ,8 ,6 ,3 ,0 ,0 ,0 ,0 ,1 ,1 ,0 
2022,노원구,38 ,32 ,3 ,11 ,8 ,49 ,10 ,7 ,2 ,1 ,0 ,0 ,1 ,1 ,1 ,0 
2022,노원구,39 ,33 ,2 ,24 ,7 ,53 ,16 ,9 ,2 ,1 ,2 ,0 ,0 ,0 ,0 ,1 
2022,노원구,40 ,39 ,12 ,15 ,12 ,52 ,21 ,8 ,3 ,0 ,1 ,0 ,0 ,0 ,0 ,1 
2022,노원구,41 ,63 ,9 ,14 ,19 ,46 ,10 ,3 ,2 ,3 ,0 ,0 ,0 ,2 ,0 ,1 
2022,노원구,42 ,58 ,12 ,19 ,16 ,37 ,20 ,11 ,2 ,0 ,1 ,0 ,1 ,1 ,0 ,0 
2022,노원구,43 ,66 ,8 ,15 ,20 ,41 ,22 ,13 ,1 ,1 ,1 ,0 ,0 ,2 ,0 ,0 
2022,노원구,44 ,75 ,13 ,23 ,8 ,37 ,26 ,9 ,1 ,2 ,1 ,0 ,1 ,0 ,0 ,1 
2022,노원구,45 ,75 ,8 ,19 ,17 ,37 ,23 ,15 ,0 ,1 ,0 ,1 ,4 ,0 ,0 ,0 
2022,노원구,46 ,89 ,10 ,20 ,26 ,32 ,19 ,16 ,1 ,4 ,0 ,2 ,2 ,1 ,0 ,1 
2022,노원구,47 ,89 ,10 ,30 ,16 ,40 ,33 ,13 ,2 ,0 ,2 ,2 ,2 ,3 ,1 ,0 
2022,노원구,48 ,109 ,10 ,32 ,20 ,27 ,35 ,17 ,0 ,2 ,3 ,2 ,3 ,0 ,1 ,0 
2022,노원구,49 ,119 ,15 ,25 ,25 ,38 ,35 ,15 ,0 ,3 ,1 ,0 ,1 ,3 ,1 ,1 
2022,노원구,50 ,136 ,13 ,44 ,37 ,34 ,53 ,30 ,0 ,5 ,1 ,1 ,0 ,4 ,0 ,0 
2022,노원구,51 ,148 ,15 ,31 ,34 ,30 ,46 ,21 ,2 ,8 ,2 ,1 ,1 ,4 ,2 ,0 
2022,노원구,52 ,146 ,14 ,35 ,34 ,27 ,40 ,24 ,0 ,5 ,4 ,1 ,3 ,2 ,0 ,0 
2022,노원구,53 ,154 ,17 ,44 ,34 ,34 ,55 ,24 ,0 ,7 ,2 ,2 ,1 ,1 ,0 ,2 
2022,노원구,54 ,188 ,21 ,39 ,43 ,23 ,48 ,24 ,0 ,5 ,0 ,4 ,4 ,6 ,0 ,0 
2022,노원구,55 ,180 ,22 ,43 ,35 ,28 ,29 ,31 ,0 ,5 ,1 ,3 ,3 ,3 ,0 ,0 
2022,노원구,56 ,190 ,32 ,35 ,48 ,33 ,60 ,23 ,0 ,2 ,2 ,0 ,2 ,1 ,1 ,0 
2022,노원구,57 ,165 ,32 ,40 ,34 ,18 ,55 ,31 ,0 ,4 ,2 ,3 ,3 ,7 ,1 ,0 
2022,노원구,58 ,210 ,28 ,47 ,44 ,22 ,60 ,28 ,0 ,11 ,3 ,3 ,5 ,3 ,0 ,0 
2022,노원구,59 ,209 ,32 ,47 ,41 ,20 ,54 ,22 ,0 ,8 ,2 ,2 ,5 ,2 ,0 ,0 
2022,노원구,60 ,289 ,35 ,63 ,59 ,20 ,55 ,48 ,0 ,4 ,5 ,5 ,4 ,5 ,2 ,1 
2022,노원구,61 ,318 ,52 ,53 ,59 ,24 ,68 ,26 ,0 ,1 ,2 ,4 ,5 ,6 ,2 ,1 
2022,노원구,62 ,320 ,65 ,70 ,54 ,23 ,56 ,40 ,0 ,5 ,5 ,5 ,6 ,2 ,1 ,1 
2022,노원구,63 ,329 ,53 ,84 ,56 ,10 ,42 ,32 ,0 ,8 ,1 ,1 ,9 ,3 ,3 ,2 
2022,노원구,64 ,318 ,60 ,69 ,76 ,22 ,56 ,38 ,0 ,4 ,9 ,5 ,2 ,5 ,0 ,1 
2022,노원구,65 ,354 ,69 ,74 ,65 ,19 ,49 ,38 ,0 ,5 ,7 ,2 ,7 ,0 ,2 ,1 
2022,노원구,66 ,358 ,64 ,70 ,75 ,22 ,34 ,37 ,0 ,10 ,3 ,6 ,6 ,5 ,2 ,1 
2022,노원구,67 ,353 ,69 ,67 ,87 ,12 ,42 ,34 ,0 ,8 ,5 ,9 ,6 ,3 ,2 ,0 
2022,노원구,68 ,303 ,70 ,68 ,87 ,12 ,34 ,32 ,0 ,6 ,8 ,8 ,7 ,0 ,4 ,0 
2022,노원구,69 ,302 ,72 ,65 ,82 ,9 ,18 ,32 ,0 ,5 ,6 ,8 ,5 ,2 ,6 ,1 
2022,노원구,70 ,348 ,88 ,64 ,68 ,14 ,32 ,38 ,0 ,9 ,8 ,11 ,2 ,2 ,3 ,1 
2022,노원구,71 ,263 ,71 ,52 ,63 ,1 ,14 ,21 ,0 ,7 ,3 ,4 ,0 ,2 ,2 ,1 
2022,노원구,72 ,282 ,77 ,61 ,64 ,2 ,16 ,22 ,0 ,4 ,8 ,8 ,0 ,2 ,1 ,0 
2022,노원구,73 ,363 ,85 ,64 ,94 ,7 ,18 ,24 ,0 ,8 ,6 ,9 ,3 ,1 ,4 ,1 
2022,노원구,74 ,312 ,131 ,62 ,59 ,3 ,12 ,29 ,0 ,2 ,10 ,4 ,0 ,2 ,3 ,1 
2022,노원구,75 ,328 ,117 ,85 ,83 ,4 ,11 ,20 ,0 ,3 ,5 ,4 ,1 ,0 ,5 ,3 
2022,노원구,76 ,296 ,114 ,73 ,54 ,5 ,10 ,22 ,0 ,6 ,1 ,5 ,3 ,0 ,1 ,0 
2022,노원구,77 ,255 ,115 ,62 ,78 ,1 ,2 ,15 ,0 ,3 ,7 ,5 ,2 ,1 ,3 ,0 
2022,노원구,78 ,276 ,122 ,56 ,79 ,4 ,7 ,19 ,0 ,1 ,4 ,3 ,2 ,1 ,4 ,0 
2022,노원구,79 ,251 ,154 ,70 ,66 ,1 ,5 ,21 ,0 ,5 ,4 ,4 ,1 ,0 ,1 ,1 
2022,노원구,80 ,346 ,187 ,92 ,84 ,3 ,5 ,26 ,0 ,2 ,2 ,3 ,1 ,0 ,2 ,0 
2022,노원구,81 ,269 ,131 ,61 ,61 ,4 ,7 ,15 ,0 ,4 ,5 ,2 ,1 ,0 ,0 ,1 
2022,노원구,82 ,216 ,137 ,49 ,68 ,2 ,3 ,11 ,0 ,4 ,3 ,3 ,0 ,0 ,2 ,1 
2022,노원구,83 ,203 ,145 ,53 ,45 ,2 ,3 ,19 ,0 ,1 ,5 ,1 ,0 ,0 ,1 ,0 
2022,노원구,84 ,189 ,158 ,55 ,43 ,1 ,3 ,14 ,0 ,2 ,7 ,2 ,0 ,0 ,0 ,0 
2022,노원구,85 ,178 ,136 ,37 ,42 ,0 ,0 ,14 ,0 ,1 ,2 ,2 ,0 ,0 ,2 ,0 
2022,노원구,86 ,155 ,111 ,35 ,32 ,0 ,0 ,6 ,0 ,0 ,1 ,0 ,0 ,0 ,3 ,0 
2022,노원구,87 ,127 ,102 ,34 ,30 ,0 ,2 ,7 ,0 ,0 ,3 ,0 ,0 ,0 ,0 ,0 
2022,노원구,88 ,95 ,85 ,40 ,33 ,0 ,0 ,3 ,0 ,0 ,3 ,0 ,0 ,0 ,1 ,0 
2022,노원구,89 ,80 ,84 ,18 ,13 ,0 ,0 ,3 ,0 ,1 ,3 ,2 ,0 ,0 ,1 ,0 
2022,노원구,90 ,48 ,77 ,11 ,11 ,0 ,0 ,6 ,0 ,0 ,2 ,0 ,0 ,0 ,1 ,0 
2022,노원구,91 ,47 ,54 ,10 ,15 ,0 ,0 ,3 ,0 ,1 ,3 ,0 ,0 ,0 ,0 ,0 
2022,노원구,92 ,35 ,53 ,13 ,7 ,0 ,1 ,1 ,0 ,0 ,1 ,0 ,0 ,0 ,0 ,0 
2022,노원구,93 ,32 ,47 ,4 ,10 ,0 ,0 ,1 ,0 ,0 ,1 ,0 ,0 ,0 ,0 ,0 
2022,노원구,94 ,21 ,34 ,6 ,4 ,0 ,1 ,2 ,0 ,0 ,0 ,0 ,0 ,0 ,1 ,0 
2022,노원구,95 ,20 ,17 ,5 ,2 ,0 ,0 ,0 ,0 ,0 ,1 ,0 ,0 ,0 ,0 ,0 
2022,노원구,96 ,7 ,18 ,2 ,0 ,0 ,0 ,0 ,0 ,0 ,0 ,0 ,0 ,0 ,0 ,0 
2022,노원구,97 ,6 ,11 ,1 ,2 ,0 ,0 ,0 ,0 ,0 ,1 ,0 ,0 ,0 ,0 ,0 
2022,노원구,98 ,3 ,9 ,3 ,2 ,0 ,0 ,0 ,0 ,0 ,0 ,1 ,0 ,0 ,0 ,0 
2022,노원구,99 ,2 ,9 ,1 ,2 ,0 ,0 ,0 ,0 ,0 ,0 ,0 ,0 ,0 ,0 ,0 
2022,노원구,100 ,1 ,4 ,1 ,0 ,1 ,0 ,1 ,0 ,0 ,0 ,0 ,0 ,0 ,0 ,0 
2022,노원구,101 ,1 ,2 ,1 ,0 ,0 ,0 ,0 ,0 ,0 ,0 ,0 ,0 ,0 ,0 ,0 
2022,노원구,102 ,0 ,3 ,0 ,0 ,0 ,0 ,0 ,0 ,0 ,0 ,0 ,0 ,0 ,0 ,0 
2022,노원구,103 ,0 ,1 ,0 ,0 ,0 ,0 ,0 ,0 ,0 ,0 ,0 ,0 ,0 ,0 ,0 
2022,노원구,104 ,0 ,1 ,1 ,0 ,0 ,0 ,0 ,0 ,0 ,0 ,0 ,0 ,0 ,0 ,0 
2022,노원구,105 ,0 ,2 ,0 ,0 ,0 ,0 ,0 ,0 ,0 ,0 ,0 ,0 ,0 ,0 ,0 
2022,노원구,107 ,0 ,1 ,0 ,0 ,0 ,0 ,0 ,0 ,0 ,0 ,0 ,0 ,0 ,0 ,0 
2022,노원구,109 ,1 ,0 ,0 ,0 ,0 ,0 ,0 ,0 ,0 ,0 ,0 ,0 ,0 ,0 ,0 
2022,은평구,1 ,0 ,0 ,0 ,4 ,0 ,0 ,0 ,0 ,0 ,0 ,0 ,0 ,0 ,0 ,0 
2022,은평구,2 ,0 ,1 ,0 ,4 ,1 ,0 ,0 ,0 ,0 ,0 ,0 ,0 ,0 ,0 ,0 
2022,은평구,3 ,1 ,6 ,1 ,12 ,1 ,0 ,0 ,3 ,0 ,1 ,0 ,0 ,1 ,0 ,0 
2022,은평구,4 ,1 ,0 ,0 ,7 ,3 ,0 ,0 ,5 ,2 ,0 ,0 ,0 ,0 ,0 ,0 
2022,은평구,5 ,1 ,1 ,0 ,11 ,6 ,0 ,0 ,19 ,5 ,0 ,0 ,0 ,1 ,0 ,0 
2022,은평구,6 ,0 ,3 ,1 ,4 ,14 ,0 ,0 ,25 ,5 ,1 ,0 ,1 ,0 ,0 ,0 
2022,은평구,7 ,0 ,3 ,0 ,3 ,12 ,0 ,0 ,23 ,3 ,0 ,0 ,1 ,0 ,0 ,0 
2022,은평구,8 ,0 ,4 ,0 ,10 ,21 ,0 ,0 ,23 ,1 ,0 ,0 ,0 ,0 ,0 ,0 
2022,은평구,9 ,0 ,2 ,1 ,7 ,24 ,0 ,0 ,12 ,0 ,0 ,0 ,1 ,0 ,1 ,0 
2022,은평구,10 ,0 ,0 ,2 ,12 ,26 ,0 ,0 ,23 ,1 ,0 ,0 ,0 ,0 ,0 ,0 
2022,은평구,11 ,3 ,4 ,3 ,7 ,24 ,0 ,0 ,21 ,0 ,0 ,0 ,0 ,0 ,0 ,0 
2022,은평구,12 ,2 ,0 ,0 ,7 ,24 ,0 ,0 ,23 ,1 ,0 ,0 ,0 ,0 ,0 ,0 
2022,은평구,13 ,2 ,1 ,2 ,6 ,12 ,0 ,0 ,20 ,1 ,1 ,0 ,1 ,0 ,1 ,0 
2022,은평구,14 ,0 ,2 ,2 ,6 ,31 ,0 ,0 ,8 ,1 ,0 ,0 ,0 ,0 ,0 ,0 
2022,은평구,15 ,1 ,0 ,1 ,9 ,34 ,0 ,0 ,9 ,0 ,0 ,0 ,1 ,0 ,0 ,0 
2022,은평구,16 ,3 ,2 ,1 ,4 ,24 ,0 ,0 ,6 ,0 ,0 ,0 ,0 ,0 ,0 ,0 
2022,은평구,17 ,4 ,2 ,1 ,3 ,31 ,0 ,0 ,6 ,0 ,0 ,0 ,0 ,0 ,0 ,0 
2022,은평구,18 ,3 ,1 ,2 ,6 ,38 ,0 ,1 ,11 ,0 ,0 ,0 ,0 ,0 ,0 ,0 
2022,은평구,19 ,4 ,3 ,0 ,8 ,47 ,0 ,0 ,8 ,2 ,0 ,0 ,1 ,0 ,0 ,0 
2022,은평구,20 ,6 ,3 ,2 ,5 ,36 ,0 ,0 ,4 ,0 ,1 ,0 ,2 ,0 ,3 ,0 
2022,은평구,21 ,6 ,5 ,6 ,1 ,49 ,1 ,0 ,11 ,0 ,0 ,0 ,1 ,0 ,0 ,0 
2022,은평구,22 ,8 ,4 ,4 ,7 ,35 ,1 ,1 ,15 ,0 ,0 ,0 ,1 ,1 ,1 ,0 
2022,은평구,23 ,5 ,8 ,8 ,6 ,36 ,3 ,0 ,19 ,0 ,0 ,0 ,3 ,1 ,3 ,0 
2022,은평구,24 ,5 ,5 ,8 ,7 ,45 ,3 ,0 ,11 ,0 ,0 ,0 ,0 ,1 ,0 ,0 
2022,은평구,25 ,14 ,7 ,5 ,4 ,46 ,4 ,1 ,8 ,3 ,0 ,0 ,1 ,0 ,0 ,0 
2022,은평구,26 ,13 ,7 ,11 ,5 ,47 ,2 ,1 ,13 ,0 ,0 ,0 ,0 ,0 ,0 ,0 
2022,은평구,27 ,16 ,5 ,9 ,6 ,50 ,4 ,3 ,10 ,0 ,0 ,0 ,1 ,1 ,0 ,0 
2022,은평구,28 ,17 ,7 ,11 ,10 ,45 ,3 ,2 ,13 ,0 ,0 ,0 ,1 ,1 ,1 ,1 
2022,은평구,29 ,14 ,2 ,5 ,7 ,53 ,3 ,2 ,6 ,1 ,0 ,0 ,0 ,0 ,0 ,0 
2022,은평구,30 ,18 ,5 ,14 ,8 ,54 ,7 ,2 ,7 ,2 ,1 ,0 ,0 ,0 ,0 ,0 
2022,은평구,31 ,23 ,8 ,8 ,9 ,45 ,5 ,6 ,9 ,0 ,0 ,0 ,0 ,0 ,4 ,0 
2022,은평구,32 ,13 ,6 ,16 ,4 ,31 ,10 ,2 ,8 ,0 ,1 ,0 ,0 ,1 ,0 ,0 
2022,은평구,33 ,17 ,5 ,12 ,5 ,34 ,8 ,0 ,4 ,0 ,0 ,0 ,0 ,0 ,0 ,0 
2022,은평구,34 ,27 ,3 ,13 ,7 ,35 ,7 ,3 ,5 ,1 ,0 ,0 ,1 ,0 ,0 ,0 
2022,은평구,35 ,24 ,4 ,9 ,10 ,33 ,8 ,3 ,8 ,0 ,2 ,0 ,0 ,1 ,2 ,0 
2022,은평구,36 ,26 ,5 ,19 ,7 ,29 ,8 ,4 ,2 ,1 ,0 ,1 ,1 ,1 ,1 ,1 
2022,은평구,37 ,28 ,2 ,19 ,4 ,19 ,12 ,3 ,6 ,0 ,2 ,0 ,1 ,1 ,0 ,0 
2022,은평구,38 ,34 ,2 ,7 ,14 ,26 ,12 ,8 ,0 ,1 ,2 ,0 ,0 ,2 ,0 ,0 
2022,은평구,39 ,44 ,3 ,20 ,10 ,29 ,15 ,1 ,0 ,1 ,0 ,1 ,0 ,2 ,0 ,0 
2022,은평구,40 ,46 ,4 ,15 ,12 ,30 ,13 ,7 ,1 ,1 ,0 ,0 ,1 ,1 ,1 ,0 
2022,은평구,41 ,40 ,8 ,20 ,10 ,38 ,14 ,6 ,2 ,1 ,1 ,0 ,0 ,3 ,0 ,0 
2022,은평구,42 ,53 ,8 ,15 ,15 ,32 ,13 ,4 ,1 ,0 ,0 ,1 ,0 ,1 ,0 ,0 
2022,은평구,43 ,56 ,9 ,15 ,11 ,21 ,17 ,8 ,0 ,0 ,1 ,0 ,3 ,1 ,0 ,0 
2022,은평구,44 ,63 ,10 ,16 ,9 ,22 ,20 ,7 ,0 ,0 ,0 ,0 ,0 ,0 ,2 ,0 
2022,은평구,45 ,59 ,6 ,19 ,14 ,31 ,20 ,7 ,0 ,1 ,0 ,0 ,0 ,1 ,0 ,2 
2022,은평구,46 ,74 ,9 ,24 ,10 ,41 ,24 ,5 ,1 ,1 ,0 ,2 ,2 ,1 ,0 ,1 
2022,은평구,47 ,74 ,11 ,24 ,18 ,29 ,27 ,13 ,2 ,2 ,0 ,0 ,1 ,0 ,1 ,0 
2022,은평구,48 ,84 ,8 ,19 ,21 ,36 ,31 ,11 ,0 ,2 ,0 ,0 ,3 ,3 ,0 ,0 
2022,은평구,49 ,81 ,11 ,42 ,29 ,31 ,38 ,10 ,0 ,6 ,1 ,1 ,3 ,3 ,2 ,3 
2022,은평구,50 ,86 ,14 ,34 ,26 ,35 ,34 ,17 ,1 ,2 ,1 ,0 ,2 ,5 ,0 ,0 
2022,은평구,51 ,113 ,15 ,33 ,22 ,44 ,45 ,19 ,0 ,2 ,0 ,3 ,4 ,1 ,1 ,3 
2022,은평구,52 ,111 ,8 ,28 ,18 ,24 ,38 ,16 ,0 ,3 ,1 ,0 ,3 ,3 ,0 ,0 
2022,은평구,53 ,139 ,16 ,30 ,34 ,21 ,47 ,20 ,0 ,1 ,2 ,1 ,2 ,4 ,1 ,0 
2022,은평구,54 ,134 ,16 ,43 ,28 ,15 ,40 ,17 ,0 ,4 ,1 ,1 ,10 ,1 ,1 ,0 
2022,은평구,55 ,157 ,23 ,35 ,28 ,17 ,46 ,25 ,0 ,6 ,2 ,2 ,4 ,2 ,1 ,0 
2022,은평구,56 ,138 ,20 ,41 ,37 ,23 ,39 ,26 ,0 ,5 ,2 ,3 ,4 ,2 ,1 ,1 
2022,은평구,57 ,143 ,37 ,43 ,26 ,14 ,31 ,22 ,0 ,5 ,1 ,1 ,3 ,0 ,0 ,0 
2022,은평구,58 ,169 ,24 ,45 ,41 ,14 ,26 ,23 ,0 ,1 ,3 ,1 ,4 ,0 ,1 ,0 
2022,은평구,59 ,187 ,22 ,45 ,40 ,17 ,21 ,25 ,0 ,3 ,1 ,2 ,9 ,0 ,1 ,1 
2022,은평구,60 ,182 ,37 ,50 ,41 ,12 ,46 ,26 ,0 ,3 ,4 ,3 ,6 ,2 ,1 ,0 
2022,은평구,61 ,217 ,39 ,56 ,56 ,21 ,40 ,17 ,0 ,1 ,2 ,1 ,6 ,3 ,2 ,1 
2022,은평구,62 ,245 ,53 ,51 ,44 ,12 ,43 ,28 ,0 ,3 ,8 ,6 ,10 ,3 ,3 ,0 
2022,은평구,63 ,246 ,43 ,44 ,67 ,17 ,41 ,29 ,0 ,8 ,5 ,4 ,8 ,0 ,0 ,0 
2022,은평구,64 ,232 ,41 ,55 ,54 ,15 ,33 ,18 ,0 ,3 ,2 ,3 ,4 ,0 ,0 ,1 
2022,은평구,65 ,256 ,57 ,40 ,58 ,8 ,22 ,26 ,0 ,3 ,4 ,5 ,3 ,1 ,2 ,1 
2022,은평구,66 ,231 ,56 ,40 ,55 ,13 ,21 ,28 ,0 ,4 ,3 ,5 ,3 ,2 ,1 ,0 
2022,은평구,67 ,273 ,47 ,58 ,65 ,3 ,30 ,30 ,0 ,6 ,6 ,5 ,6 ,2 ,1 ,0 
2022,은평구,68 ,246 ,57 ,43 ,60 ,9 ,19 ,25 ,0 ,6 ,5 ,4 ,4 ,1 ,1 ,0 
2022,은평구,69 ,228 ,61 ,53 ,54 ,5 ,24 ,24 ,0 ,2 ,7 ,6 ,6 ,0 ,0 ,0 
2022,은평구,70 ,246 ,67 ,57 ,69 ,7 ,16 ,28 ,0 ,4 ,11 ,3 ,6 ,0 ,0 ,1 
2022,은평구,71 ,200 ,65 ,35 ,46 ,6 ,19 ,21 ,0 ,4 ,1 ,4 ,6 ,0 ,0 ,1 
2022,은평구,72 ,231 ,93 ,48 ,60 ,5 ,18 ,26 ,0 ,3 ,3 ,4 ,2 ,0 ,0 ,0 
2022,은평구,73 ,248 ,91 ,74 ,63 ,3 ,13 ,26 ,0 ,3 ,4 ,8 ,6 ,2 ,0 ,0 
2022,은평구,74 ,259 ,100 ,62 ,48 ,0 ,8 ,18 ,0 ,6 ,7 ,4 ,5 ,0 ,0 ,0 
2022,은평구,75 ,274 ,133 ,69 ,54 ,2 ,8 ,19 ,0 ,6 ,7 ,8 ,0 ,0 ,2 ,0 
2022,은평구,76 ,242 ,85 ,61 ,55 ,1 ,3 ,14 ,0 ,4 ,5 ,6 ,0 ,0 ,0 ,0 
2022,은평구,77 ,218 ,98 ,48 ,41 ,3 ,6 ,15 ,0 ,3 ,6 ,5 ,1 ,0 ,0 ,0 
2022,은평구,78 ,236 ,113 ,49 ,61 ,1 ,4 ,16 ,0 ,5 ,7 ,4 ,1 ,0 ,1 ,1 
2022,은평구,79 ,232 ,143 ,57 ,44 ,2 ,6 ,20 ,0 ,4 ,1 ,4 ,2 ,1 ,1 ,3 
2022,은평구,80 ,281 ,160 ,73 ,64 ,2 ,2 ,27 ,0 ,2 ,14 ,3 ,2 ,2 ,1 ,1 
2022,은평구,81 ,222 ,136 ,54 ,54 ,2 ,3 ,14 ,0 ,2 ,8 ,3 ,0 ,0 ,0 ,0 
2022,은평구,82 ,177 ,117 ,41 ,43 ,0 ,0 ,18 ,0 ,1 ,3 ,3 ,1 ,0 ,0 ,0 
2022,은평구,83 ,173 ,146 ,50 ,43 ,0 ,3 ,14 ,0 ,4 ,9 ,2 ,0 ,0 ,1 ,1 
2022,은평구,84 ,146 ,140 ,36 ,33 ,1 ,1 ,11 ,0 ,2 ,11 ,2 ,0 ,0 ,2 ,0 
2022,은평구,85 ,160 ,135 ,28 ,38 ,0 ,0 ,8 ,0 ,3 ,5 ,0 ,0 ,0 ,1 ,0 
2022,은평구,86 ,118 ,122 ,34 ,40 ,0 ,1 ,13 ,0 ,0 ,1 ,2 ,1 ,0 ,2 ,0 
2022,은평구,87 ,94 ,96 ,23 ,27 ,2 ,1 ,6 ,0 ,1 ,6 ,1 ,0 ,0 ,2 ,0 
2022,은평구,88 ,75 ,90 ,22 ,16 ,0 ,2 ,7 ,0 ,1 ,1 ,0 ,0 ,0 ,0 ,0 
2022,은평구,89 ,48 ,85 ,16 ,18 ,0 ,0 ,2 ,0 ,2 ,1 ,0 ,0 ,0 ,1 ,0 
2022,은평구,90 ,38 ,57 ,8 ,9 ,0 ,0 ,2 ,0 ,0 ,1 ,0 ,0 ,0 ,0 ,0 
2022,은평구,91 ,26 ,45 ,8 ,8 ,0 ,0 ,0 ,0 ,0 ,1 ,0 ,0 ,0 ,0 ,0 
2022,은평구,92 ,23 ,41 ,7 ,10 ,0 ,0 ,1 ,0 ,0 ,1 ,0 ,0 ,0 ,0 ,0 
2022,은평구,93 ,17 ,33 ,7 ,6 ,0 ,0 ,2 ,0 ,0 ,1 ,1 ,0 ,0 ,0 ,0 
2022,은평구,94 ,14 ,20 ,2 ,1 ,0 ,0 ,0 ,0 ,1 ,1 ,0 ,0 ,0 ,0 ,0 
2022,은평구,95 ,8 ,21 ,2 ,1 ,0 ,0 ,0 ,0 ,0 ,1 ,0 ,0 ,0 ,0 ,0 
2022,은평구,96 ,4 ,7 ,0 ,0 ,0 ,0 ,0 ,0 ,0 ,0 ,0 ,0 ,0 ,0 ,0 
2022,은평구,97 ,5 ,12 ,0 ,0 ,0 ,0 ,0 ,0 ,0 ,1 ,0 ,0 ,0 ,0 ,0 
2022,은평구,98 ,2 ,4 ,2 ,0 ,0 ,0 ,1 ,0 ,0 ,0 ,0 ,0 ,0 ,0 ,0 
2022,은평구,99 ,2 ,4 ,0 ,0 ,0 ,0 ,0 ,0 ,0 ,1 ,0 ,0 ,0 ,0 ,0 
2022,은평구,100 ,0 ,1 ,1 ,0 ,0 ,0 ,0 ,0 ,0 ,1 ,0 ,0 ,0 ,0 ,0 
2022,은평구,101 ,1 ,2 ,0 ,0 ,0 ,0 ,0 ,0 ,0 ,0 ,0 ,0 ,0 ,0 ,0 
2022,은평구,103 ,0 ,1 ,0 ,0 ,0 ,0 ,0 ,0 ,0 ,0 ,0 ,0 ,0 ,0 ,0 
2022,은평구,104 ,0 ,1 ,0 ,0 ,0 ,0 ,0 ,0 ,0 ,0 ,0 ,0 ,0 ,0 ,0 
2022,은평구,111 ,0 ,1 ,0 ,0 ,0 ,0 ,0 ,0 ,0 ,0 ,0 ,0 ,0 ,0 ,0 
2022,서대문구,1 ,0 ,0 ,0 ,1 ,0 ,0 ,0 ,0 ,0 ,0 ,0 ,0 ,1 ,0 ,0 
2022,서대문구,2 ,0 ,0 ,0 ,2 ,0 ,0 ,0 ,0 ,0 ,0 ,0 ,0 ,0 ,0 ,0 
2022,서대문구,3 ,1 ,0 ,0 ,1 ,1 ,0 ,0 ,2 ,0 ,0 ,0 ,0 ,0 ,0 ,0 
2022,서대문구,4 ,0 ,0 ,0 ,3 ,1 ,0 ,0 ,4 ,5 ,0 ,0 ,0 ,0 ,0 ,0 
2022,서대문구,5 ,0 ,4 ,1 ,8 ,4 ,0 ,0 ,9 ,3 ,0 ,0 ,0 ,0 ,0 ,0 
2022,서대문구,6 ,0 ,0 ,0 ,2 ,7 ,0 ,0 ,12 ,1 ,0 ,0 ,0 ,0 ,0 ,0 
2022,서대문구,7 ,0 ,2 ,0 ,10 ,6 ,0 ,0 ,13 ,2 ,0 ,0 ,1 ,0 ,0 ,0 
2022,서대문구,8 ,1 ,1 ,0 ,11 ,13 ,0 ,0 ,9 ,1 ,0 ,0 ,0 ,0 ,0 ,0 
2022,서대문구,9 ,0 ,0 ,3 ,7 ,15 ,0 ,0 ,9 ,2 ,0 ,0 ,0 ,0 ,0 ,0 
2022,서대문구,10 ,1 ,3 ,0 ,5 ,12 ,0 ,0 ,3 ,0 ,1 ,0 ,0 ,0 ,0 ,0 
2022,서대문구,11 ,0 ,2 ,0 ,3 ,15 ,0 ,0 ,18 ,1 ,0 ,0 ,0 ,0 ,0 ,0 
2022,서대문구,12 ,1 ,2 ,0 ,4 ,7 ,0 ,0 ,14 ,0 ,0 ,0 ,0 ,1 ,0 ,0 
2022,서대문구,13 ,0 ,1 ,0 ,3 ,16 ,0 ,0 ,1 ,1 ,0 ,0 ,0 ,0 ,0 ,0 
2022,서대문구,14 ,1 ,1 ,2 ,1 ,11 ,0 ,0 ,3 ,0 ,0 ,0 ,0 ,0 ,0 ,0 
2022,서대문구,15 ,1 ,2 ,2 ,3 ,12 ,0 ,0 ,4 ,0 ,0 ,0 ,1 ,1 ,0 ,0 
2022,서대문구,16 ,1 ,1 ,2 ,4 ,20 ,0 ,0 ,3 ,0 ,0 ,0 ,0 ,0 ,0 ,0 
2022,서대문구,17 ,3 ,2 ,1 ,3 ,14 ,0 ,0 ,6 ,0 ,0 ,0 ,1 ,0 ,0 ,0 
2022,서대문구,18 ,4 ,1 ,4 ,6 ,23 ,0 ,0 ,6 ,0 ,0 ,0 ,1 ,0 ,0 ,0 
2022,서대문구,19 ,2 ,4 ,7 ,2 ,17 ,1 ,0 ,5 ,0 ,0 ,0 ,1 ,1 ,0 ,0 
2022,서대문구,20 ,5 ,4 ,2 ,3 ,20 ,0 ,2 ,9 ,0 ,0 ,0 ,2 ,0 ,0 ,0 
2022,서대문구,21 ,8 ,3 ,2 ,5 ,19 ,1 ,1 ,6 ,0 ,0 ,0 ,0 ,0 ,2 ,0 
2022,서대문구,22 ,8 ,3 ,4 ,9 ,25 ,1 ,0 ,7 ,1 ,0 ,0 ,0 ,0 ,0 ,0 
2022,서대문구,23 ,9 ,3 ,4 ,7 ,23 ,1 ,0 ,4 ,2 ,0 ,0 ,0 ,0 ,0 ,0 
2022,서대문구,24 ,4 ,4 ,6 ,6 ,15 ,0 ,0 ,4 ,0 ,0 ,0 ,0 ,0 ,1 ,0 
2022,서대문구,25 ,13 ,4 ,2 ,4 ,33 ,0 ,0 ,6 ,0 ,0 ,0 ,1 ,0 ,0 ,0 
2022,서대문구,26 ,6 ,1 ,5 ,7 ,20 ,3 ,1 ,7 ,0 ,0 ,0 ,1 ,1 ,0 ,0 
2022,서대문구,27 ,10 ,1 ,5 ,4 ,22 ,0 ,2 ,3 ,0 ,0 ,0 ,2 ,1 ,0 ,0 
2022,서대문구,28 ,9 ,3 ,9 ,2 ,18 ,2 ,1 ,3 ,0 ,0 ,0 ,1 ,1 ,0 ,0 
2022,서대문구,29 ,12 ,4 ,6 ,4 ,28 ,2 ,2 ,4 ,0 ,0 ,0 ,0 ,0 ,0 ,0 
2022,서대문구,30 ,8 ,1 ,6 ,8 ,14 ,7 ,3 ,6 ,1 ,0 ,1 ,1 ,0 ,0 ,0 
2022,서대문구,31 ,13 ,7 ,10 ,5 ,27 ,9 ,4 ,5 ,0 ,0 ,0 ,0 ,1 ,0 ,0 
2022,서대문구,32 ,14 ,3 ,2 ,5 ,9 ,5 ,3 ,4 ,0 ,0 ,0 ,0 ,0 ,0 ,0 
2022,서대문구,33 ,6 ,9 ,1 ,3 ,13 ,0 ,1 ,3 ,0 ,0 ,0 ,0 ,0 ,1 ,0 
2022,서대문구,34 ,16 ,1 ,5 ,4 ,15 ,1 ,1 ,2 ,0 ,0 ,0 ,0 ,0 ,0 ,0 
2022,서대문구,35 ,14 ,1 ,6 ,5 ,4 ,4 ,3 ,0 ,0 ,0 ,0 ,0 ,0 ,0 ,0 
2022,서대문구,36 ,11 ,4 ,9 ,2 ,12 ,2 ,3 ,0 ,0 ,0 ,0 ,0 ,0 ,0 ,0 
2022,서대문구,37 ,17 ,1 ,4 ,4 ,13 ,6 ,2 ,1 ,0 ,0 ,0 ,1 ,0 ,0 ,0 
2022,서대문구,38 ,10 ,2 ,7 ,8 ,9 ,1 ,7 ,0 ,0 ,1 ,0 ,0 ,0 ,0 ,1 
2022,서대문구,39 ,27 ,3 ,8 ,1 ,10 ,6 ,6 ,3 ,1 ,0 ,0 ,1 ,1 ,1 ,0 
2022,서대문구,40 ,28 ,6 ,8 ,2 ,18 ,15 ,2 ,1 ,0 ,0 ,0 ,1 ,0 ,0 ,0 
2022,서대문구,41 ,24 ,3 ,9 ,5 ,14 ,8 ,2 ,1 ,1 ,1 ,0 ,1 ,0 ,0 ,0 
2022,서대문구,42 ,30 ,4 ,10 ,6 ,11 ,12 ,6 ,0 ,0 ,0 ,0 ,1 ,1 ,0 ,0 
2022,서대문구,43 ,31 ,5 ,9 ,3 ,12 ,14 ,6 ,0 ,2 ,0 ,0 ,1 ,0 ,0 ,1 
2022,서대문구,44 ,30 ,4 ,14 ,6 ,7 ,6 ,6 ,0 ,0 ,0 ,0 ,0 ,0 ,0 ,0 
2022,서대문구,45 ,36 ,5 ,10 ,5 ,10 ,12 ,7 ,0 ,3 ,0 ,0 ,2 ,1 ,0 ,0 
2022,서대문구,46 ,37 ,4 ,7 ,11 ,13 ,15 ,2 ,1 ,0 ,0 ,0 ,1 ,1 ,0 ,0 
2022,서대문구,47 ,38 ,2 ,11 ,10 ,12 ,18 ,4 ,0 ,1 ,0 ,2 ,2 ,0 ,0 ,0 
2022,서대문구,48 ,43 ,1 ,7 ,12 ,16 ,11 ,6 ,0 ,1 ,3 ,1 ,1 ,2 ,0 ,0 
2022,서대문구,49 ,53 ,5 ,15 ,10 ,13 ,11 ,15 ,0 ,2 ,0 ,1 ,0 ,2 ,0 ,0 
2022,서대문구,50 ,45 ,4 ,14 ,15 ,11 ,16 ,15 ,0 ,0 ,0 ,0 ,2 ,0 ,1 ,0 
2022,서대문구,51 ,58 ,9 ,13 ,14 ,10 ,21 ,14 ,0 ,0 ,0 ,0 ,2 ,0 ,0 ,0 
2022,서대문구,52 ,68 ,10 ,18 ,13 ,11 ,26 ,11 ,0 ,1 ,2 ,2 ,1 ,1 ,1 ,0 
2022,서대문구,53 ,69 ,8 ,11 ,18 ,10 ,22 ,19 ,0 ,0 ,0 ,0 ,2 ,1 ,0 ,0 
2022,서대문구,54 ,76 ,6 ,25 ,17 ,8 ,12 ,11 ,0 ,5 ,0 ,1 ,3 ,2 ,0 ,0 
2022,서대문구,55 ,80 ,7 ,21 ,17 ,7 ,19 ,8 ,0 ,1 ,2 ,0 ,1 ,0 ,0 ,0 
2022,서대문구,56 ,98 ,14 ,12 ,16 ,10 ,22 ,14 ,0 ,2 ,1 ,1 ,3 ,1 ,1 ,0 
2022,서대문구,57 ,96 ,11 ,22 ,17 ,4 ,18 ,21 ,0 ,4 ,0 ,0 ,1 ,0 ,1 ,0 
2022,서대문구,58 ,92 ,13 ,28 ,13 ,12 ,15 ,17 ,0 ,3 ,0 ,0 ,3 ,2 ,0 ,0 
2022,서대문구,59 ,99 ,16 ,23 ,24 ,6 ,15 ,18 ,0 ,0 ,3 ,1 ,3 ,0 ,2 ,0 
2022,서대문구,60 ,107 ,21 ,21 ,21 ,9 ,18 ,20 ,0 ,3 ,2 ,1 ,5 ,2 ,1 ,0 
2022,서대문구,61 ,130 ,26 ,26 ,27 ,6 ,9 ,19 ,0 ,3 ,4 ,0 ,4 ,4 ,1 ,0 
2022,서대문구,62 ,134 ,22 ,30 ,37 ,4 ,23 ,18 ,0 ,3 ,0 ,0 ,6 ,2 ,2 ,1 
2022,서대문구,63 ,142 ,13 ,24 ,28 ,4 ,19 ,25 ,0 ,3 ,3 ,3 ,5 ,0 ,1 ,1 
2022,서대문구,64 ,139 ,24 ,24 ,26 ,6 ,13 ,14 ,0 ,2 ,3 ,2 ,5 ,0 ,1 ,1 
2022,서대문구,65 ,152 ,27 ,37 ,35 ,5 ,6 ,20 ,0 ,3 ,5 ,1 ,5 ,0 ,1 ,0 
2022,서대문구,66 ,137 ,36 ,31 ,34 ,3 ,9 ,12 ,0 ,3 ,2 ,2 ,3 ,0 ,0 ,0 
2022,서대문구,67 ,172 ,31 ,22 ,29 ,5 ,11 ,26 ,0 ,2 ,4 ,2 ,5 ,1 ,1 ,0 
2022,서대문구,68 ,122 ,36 ,37 ,29 ,6 ,7 ,17 ,0 ,0 ,3 ,1 ,2 ,0 ,1 ,0 
2022,서대문구,69 ,131 ,30 ,29 ,21 ,5 ,9 ,16 ,0 ,5 ,1 ,6 ,3 ,0 ,0 ,1 
2022,서대문구,70 ,154 ,26 ,31 ,31 ,4 ,6 ,12 ,0 ,3 ,4 ,0 ,0 ,0 ,0 ,0 
2022,서대문구,71 ,114 ,36 ,18 ,29 ,0 ,3 ,14 ,0 ,1 ,4 ,0 ,2 ,0 ,0 ,0 
2022,서대문구,72 ,132 ,43 ,37 ,32 ,1 ,1 ,15 ,0 ,5 ,4 ,3 ,1 ,0 ,2 ,0 
2022,서대문구,73 ,152 ,42 ,34 ,38 ,1 ,2 ,16 ,0 ,5 ,1 ,1 ,1 ,0 ,0 ,0 
2022,서대문구,74 ,126 ,45 ,41 ,26 ,0 ,2 ,13 ,0 ,5 ,5 ,3 ,1 ,0 ,0 ,0 
2022,서대문구,75 ,140 ,70 ,32 ,29 ,3 ,4 ,21 ,0 ,2 ,5 ,0 ,6 ,0 ,1 ,1 
2022,서대문구,76 ,116 ,66 ,38 ,34 ,0 ,6 ,14 ,0 ,1 ,6 ,2 ,4 ,0 ,0 ,0 
2022,서대문구,77 ,124 ,55 ,26 ,27 ,2 ,1 ,16 ,0 ,1 ,2 ,0 ,1 ,0 ,0 ,1 
2022,서대문구,78 ,133 ,56 ,24 ,30 ,0 ,1 ,14 ,0 ,2 ,3 ,2 ,0 ,0 ,1 ,0 
2022,서대문구,79 ,133 ,65 ,27 ,33 ,0 ,4 ,7 ,0 ,3 ,6 ,1 ,0 ,0 ,0 ,0 
2022,서대문구,80 ,185 ,94 ,48 ,50 ,0 ,1 ,22 ,0 ,3 ,6 ,2 ,0 ,0 ,1 ,0 
2022,서대문구,81 ,135 ,78 ,46 ,50 ,1 ,1 ,12 ,0 ,0 ,5 ,2 ,1 ,0 ,1 ,0 
2022,서대문구,82 ,114 ,76 ,29 ,28 ,1 ,2 ,7 ,0 ,2 ,1 ,1 ,0 ,0 ,0 ,0 
2022,서대문구,83 ,133 ,92 ,23 ,41 ,0 ,1 ,15 ,0 ,2 ,3 ,3 ,1 ,0 ,1 ,0 
2022,서대문구,84 ,88 ,81 ,26 ,29 ,0 ,0 ,13 ,0 ,1 ,2 ,0 ,0 ,0 ,1 ,0 
2022,서대문구,85 ,85 ,73 ,12 ,29 ,0 ,0 ,2 ,0 ,2 ,4 ,2 ,0 ,0 ,0 ,0 
2022,서대문구,86 ,82 ,78 ,23 ,20 ,0 ,0 ,3 ,0 ,0 ,3 ,1 ,0 ,0 ,1 ,0 
2022,서대문구,87 ,87 ,60 ,18 ,14 ,0 ,1 ,5 ,0 ,0 ,1 ,0 ,0 ,0 ,0 ,0 
2022,서대문구,88 ,49 ,52 ,11 ,10 ,0 ,0 ,1 ,0 ,0 ,1 ,0 ,0 ,0 ,0 ,0 
2022,서대문구,89 ,33 ,53 ,11 ,10 ,0 ,0 ,3 ,0 ,0 ,1 ,0 ,0 ,0 ,0 ,0 
2022,서대문구,90 ,31 ,38 ,14 ,10 ,0 ,1 ,2 ,0 ,0 ,1 ,1 ,1 ,0 ,0 ,0 
2022,서대문구,91 ,25 ,24 ,6 ,6 ,0 ,0 ,2 ,0 ,1 ,0 ,0 ,0 ,0 ,0 ,0 
2022,서대문구,92 ,22 ,28 ,5 ,4 ,0 ,0 ,1 ,0 ,0 ,1 ,0 ,0 ,0 ,0 ,0 
2022,서대문구,93 ,14 ,23 ,7 ,3 ,0 ,0 ,2 ,0 ,0 ,0 ,0 ,0 ,0 ,0 ,0 
2022,서대문구,94 ,4 ,24 ,0 ,3 ,0 ,0 ,1 ,0 ,0 ,0 ,0 ,0 ,0 ,0 ,0 
2022,서대문구,95 ,3 ,17 ,1 ,2 ,0 ,0 ,0 ,0 ,0 ,0 ,0 ,0 ,0 ,0 ,0 
2022,서대문구,96 ,5 ,11 ,3 ,1 ,0 ,0 ,0 ,0 ,0 ,0 ,0 ,0 ,0 ,0 ,0 
2022,서대문구,97 ,2 ,7 ,2 ,0 ,0 ,0 ,0 ,0 ,0 ,0 ,0 ,0 ,0 ,0 ,0 
2022,서대문구,98 ,0 ,1 ,0 ,0 ,0 ,0 ,0 ,0 ,0 ,0 ,0 ,0 ,0 ,0 ,0 
2022,서대문구,99 ,1 ,7 ,0 ,0 ,0 ,0 ,0 ,0 ,0 ,0 ,0 ,0 ,0 ,0 ,0 
2022,서대문구,100 ,2 ,3 ,0 ,0 ,0 ,0 ,0 ,0 ,0 ,0 ,0 ,0 ,0 ,0 ,0 
2022,서대문구,101 ,0 ,6 ,0 ,0 ,0 ,0 ,0 ,0 ,0 ,0 ,0 ,0 ,0 ,0 ,0 
2022,서대문구,103 ,1 ,1 ,0 ,0 ,0 ,0 ,0 ,0 ,0 ,0 ,0 ,0 ,0 ,0 ,0 
2022,서대문구,105 ,0 ,1 ,0 ,0 ,0 ,0 ,0 ,0 ,0 ,0 ,0 ,0 ,0 ,0 ,0 
2022,서대문구,110 ,0 ,1 ,0 ,1 ,0 ,0 ,0 ,0 ,0 ,0 ,0 ,0 ,0 ,0 ,0 
2022,마포구,2 ,0 ,0 ,0 ,2 ,0 ,0 ,0 ,0 ,0 ,0 ,0 ,0 ,0 ,0 ,0 
2022,마포구,3 ,0 ,0 ,1 ,6 ,0 ,0 ,0 ,0 ,0 ,0 ,0 ,0 ,0 ,0 ,0 
2022,마포구,4 ,0 ,0 ,1 ,4 ,3 ,0 ,0 ,9 ,0 ,0 ,0 ,0 ,0 ,0 ,0 
2022,마포구,5 ,0 ,2 ,0 ,6 ,7 ,0 ,0 ,8 ,1 ,0 ,0 ,0 ,0 ,0 ,0 
2022,마포구,6 ,0 ,1 ,0 ,5 ,7 ,0 ,0 ,11 ,2 ,0 ,0 ,0 ,0 ,0 ,0 
2022,마포구,7 ,0 ,0 ,2 ,2 ,8 ,0 ,0 ,12 ,1 ,0 ,0 ,0 ,0 ,0 ,0 
2022,마포구,8 ,1 ,0 ,0 ,7 ,5 ,0 ,0 ,16 ,1 ,0 ,0 ,0 ,0 ,0 ,0 
2022,마포구,9 ,2 ,1 ,1 ,7 ,6 ,0 ,0 ,4 ,1 ,0 ,0 ,0 ,0 ,0 ,0 
2022,마포구,10 ,0 ,0 ,4 ,3 ,10 ,0 ,0 ,10 ,0 ,0 ,0 ,0 ,0 ,0 ,0 
2022,마포구,11 ,1 ,1 ,2 ,4 ,7 ,0 ,0 ,10 ,1 ,1 ,0 ,0 ,0 ,0 ,0 
2022,마포구,12 ,0 ,0 ,0 ,2 ,12 ,0 ,0 ,9 ,1 ,0 ,0 ,1 ,0 ,0 ,0 
2022,마포구,13 ,0 ,0 ,0 ,4 ,11 ,0 ,1 ,11 ,0 ,0 ,0 ,0 ,0 ,0 ,0 
2022,마포구,14 ,2 ,0 ,1 ,2 ,11 ,0 ,0 ,14 ,0 ,0 ,0 ,0 ,0 ,0 ,0 
2022,마포구,15 ,0 ,3 ,0 ,4 ,15 ,0 ,0 ,12 ,0 ,0 ,0 ,0 ,0 ,0 ,0 
2022,마포구,16 ,1 ,2 ,1 ,5 ,14 ,0 ,0 ,11 ,1 ,0 ,0 ,0 ,0 ,0 ,0 
2022,마포구,17 ,2 ,2 ,2 ,3 ,12 ,0 ,1 ,7 ,0 ,0 ,0 ,0 ,0 ,0 ,0 
2022,마포구,18 ,1 ,1 ,4 ,4 ,15 ,0 ,0 ,7 ,1 ,0 ,0 ,0 ,2 ,0 ,0 
2022,마포구,19 ,1 ,2 ,2 ,2 ,18 ,0 ,0 ,5 ,0 ,0 ,0 ,1 ,0 ,1 ,0 
2022,마포구,20 ,5 ,6 ,3 ,3 ,16 ,1 ,1 ,3 ,1 ,0 ,0 ,0 ,0 ,1 ,0 
2022,마포구,21 ,3 ,2 ,5 ,7 ,20 ,0 ,1 ,3 ,0 ,0 ,0 ,0 ,0 ,0 ,0 
2022,마포구,22 ,6 ,3 ,5 ,6 ,33 ,0 ,0 ,3 ,0 ,0 ,0 ,1 ,0 ,0 ,0 
2022,마포구,23 ,7 ,2 ,4 ,6 ,21 ,0 ,0 ,8 ,0 ,0 ,0 ,1 ,0 ,0 ,0 
2022,마포구,24 ,3 ,4 ,8 ,6 ,27 ,2 ,1 ,7 ,1 ,0 ,0 ,1 ,0 ,2 ,0 
2022,마포구,25 ,8 ,3 ,2 ,5 ,23 ,2 ,3 ,10 ,1 ,0 ,0 ,0 ,0 ,0 ,0 
2022,마포구,26 ,15 ,4 ,3 ,5 ,28 ,1 ,2 ,7 ,1 ,0 ,0 ,1 ,2 ,0 ,0 
2022,마포구,27 ,14 ,2 ,5 ,8 ,18 ,1 ,1 ,12 ,0 ,1 ,1 ,0 ,0 ,0 ,0 
2022,마포구,28 ,15 ,5 ,5 ,6 ,26 ,2 ,2 ,4 ,0 ,0 ,1 ,0 ,0 ,1 ,0 
2022,마포구,29 ,13 ,5 ,5 ,5 ,30 ,0 ,2 ,1 ,0 ,0 ,0 ,0 ,0 ,0 ,0 
2022,마포구,30 ,7 ,4 ,3 ,8 ,24 ,2 ,1 ,6 ,0 ,0 ,0 ,0 ,0 ,0 ,0 
2022,마포구,31 ,20 ,6 ,4 ,5 ,16 ,3 ,1 ,4 ,0 ,0 ,0 ,0 ,0 ,0 ,1 
2022,마포구,32 ,18 ,1 ,5 ,5 ,11 ,1 ,4 ,3 ,0 ,0 ,0 ,0 ,1 ,0 ,0 
2022,마포구,33 ,16 ,2 ,9 ,7 ,18 ,3 ,4 ,5 ,0 ,0 ,0 ,0 ,0 ,2 ,0 
2022,마포구,34 ,10 ,1 ,12 ,5 ,15 ,4 ,1 ,2 ,0 ,0 ,0 ,1 ,1 ,0 ,0 
2022,마포구,35 ,13 ,1 ,6 ,3 ,18 ,5 ,2 ,2 ,0 ,0 ,0 ,0 ,0 ,0 ,1 
2022,마포구,36 ,20 ,2 ,14 ,5 ,15 ,5 ,1 ,2 ,1 ,0 ,0 ,0 ,0 ,1 ,0 
2022,마포구,37 ,18 ,3 ,7 ,1 ,16 ,6 ,1 ,1 ,0 ,0 ,0 ,0 ,0 ,0 ,0 
2022,마포구,38 ,19 ,4 ,11 ,6 ,13 ,7 ,6 ,1 ,0 ,0 ,1 ,1 ,0 ,0 ,1 
2022,마포구,39 ,18 ,1 ,14 ,5 ,14 ,9 ,8 ,0 ,1 ,0 ,0 ,0 ,0 ,1 ,0 
2022,마포구,40 ,33 ,3 ,14 ,7 ,18 ,11 ,6 ,0 ,3 ,0 ,0 ,1 ,0 ,1 ,1 
2022,마포구,41 ,18 ,5 ,20 ,6 ,8 ,7 ,3 ,0 ,0 ,1 ,0 ,0 ,0 ,1 ,0 
2022,마포구,42 ,28 ,5 ,13 ,6 ,23 ,6 ,7 ,0 ,2 ,0 ,1 ,1 ,1 ,0 ,0 
2022,마포구,43 ,31 ,8 ,22 ,3 ,13 ,6 ,5 ,0 ,0 ,0 ,0 ,0 ,3 ,0 ,0 
2022,마포구,44 ,53 ,4 ,17 ,13 ,6 ,5 ,9 ,0 ,0 ,0 ,0 ,0 ,1 ,3 ,0 
2022,마포구,45 ,46 ,5 ,6 ,6 ,18 ,9 ,2 ,1 ,1 ,0 ,0 ,0 ,0 ,0 ,0 
2022,마포구,46 ,42 ,13 ,15 ,11 ,15 ,13 ,7 ,0 ,2 ,0 ,0 ,2 ,1 ,0 ,0 
2022,마포구,47 ,50 ,17 ,18 ,11 ,6 ,12 ,6 ,1 ,2 ,1 ,0 ,0 ,2 ,0 ,0 
2022,마포구,48 ,62 ,5 ,16 ,10 ,12 ,8 ,6 ,1 ,1 ,1 ,1 ,1 ,1 ,0 ,0 
2022,마포구,49 ,59 ,6 ,15 ,16 ,18 ,21 ,11 ,1 ,3 ,0 ,0 ,1 ,1 ,1 ,0 
2022,마포구,50 ,68 ,7 ,15 ,11 ,14 ,12 ,17 ,0 ,1 ,0 ,0 ,0 ,1 ,0 ,0 
2022,마포구,51 ,69 ,7 ,18 ,20 ,9 ,21 ,14 ,1 ,1 ,0 ,0 ,3 ,1 ,0 ,0 
2022,마포구,52 ,88 ,8 ,24 ,9 ,14 ,20 ,16 ,0 ,2 ,1 ,0 ,2 ,0 ,1 ,0 
2022,마포구,53 ,84 ,6 ,22 ,15 ,8 ,20 ,11 ,0 ,1 ,2 ,0 ,2 ,1 ,0 ,0 
2022,마포구,54 ,84 ,11 ,22 ,14 ,4 ,24 ,13 ,0 ,2 ,0 ,1 ,4 ,2 ,0 ,0 
2022,마포구,55 ,96 ,10 ,20 ,8 ,5 ,16 ,16 ,0 ,1 ,2 ,0 ,1 ,0 ,0 ,1 
2022,마포구,56 ,90 ,14 ,16 ,15 ,6 ,16 ,14 ,0 ,5 ,3 ,0 ,3 ,0 ,0 ,0 
2022,마포구,57 ,90 ,19 ,21 ,19 ,8 ,20 ,22 ,0 ,4 ,0 ,0 ,3 ,0 ,0 ,0 
2022,마포구,58 ,95 ,17 ,10 ,25 ,9 ,19 ,17 ,0 ,2 ,0 ,1 ,1 ,0 ,0 ,2 
2022,마포구,59 ,100 ,21 ,31 ,18 ,5 ,18 ,10 ,0 ,0 ,1 ,1 ,2 ,1 ,0 ,0 
2022,마포구,60 ,93 ,19 ,21 ,22 ,8 ,14 ,24 ,0 ,2 ,0 ,1 ,3 ,2 ,1 ,0 
2022,마포구,61 ,142 ,22 ,37 ,28 ,6 ,11 ,18 ,0 ,2 ,1 ,2 ,4 ,2 ,0 ,0 
2022,마포구,62 ,137 ,22 ,31 ,21 ,3 ,25 ,21 ,0 ,6 ,2 ,3 ,3 ,2 ,0 ,0 
2022,마포구,63 ,143 ,42 ,33 ,37 ,5 ,9 ,14 ,0 ,2 ,3 ,3 ,5 ,3 ,1 ,0 
2022,마포구,64 ,119 ,26 ,36 ,22 ,8 ,12 ,11 ,0 ,3 ,4 ,0 ,4 ,0 ,0 ,1 
2022,마포구,65 ,141 ,32 ,33 ,26 ,7 ,13 ,16 ,0 ,8 ,2 ,0 ,3 ,1 ,0 ,1 
2022,마포구,66 ,156 ,22 ,30 ,34 ,4 ,11 ,20 ,0 ,2 ,4 ,2 ,5 ,0 ,1 ,0 
2022,마포구,67 ,163 ,41 ,42 ,29 ,5 ,10 ,20 ,0 ,1 ,3 ,3 ,6 ,2 ,0 ,0 
2022,마포구,68 ,122 ,21 ,26 ,28 ,4 ,13 ,17 ,0 ,5 ,3 ,3 ,2 ,0 ,2 ,0 
2022,마포구,69 ,125 ,29 ,19 ,35 ,3 ,11 ,18 ,0 ,2 ,4 ,1 ,0 ,0 ,2 ,1 
2022,마포구,70 ,153 ,51 ,36 ,37 ,3 ,4 ,11 ,0 ,3 ,3 ,2 ,3 ,0 ,0 ,0 
2022,마포구,71 ,105 ,31 ,23 ,29 ,4 ,5 ,4 ,0 ,0 ,2 ,3 ,1 ,1 ,1 ,0 
2022,마포구,72 ,119 ,43 ,39 ,50 ,2 ,8 ,16 ,0 ,2 ,2 ,5 ,1 ,1 ,0 ,0 
2022,마포구,73 ,140 ,55 ,34 ,35 ,0 ,6 ,19 ,0 ,4 ,5 ,2 ,2 ,1 ,1 ,0 
2022,마포구,74 ,151 ,48 ,34 ,36 ,2 ,4 ,10 ,0 ,4 ,4 ,3 ,4 ,0 ,1 ,0 
2022,마포구,75 ,166 ,52 ,42 ,32 ,2 ,5 ,23 ,0 ,1 ,5 ,2 ,1 ,0 ,0 ,0 
2022,마포구,76 ,108 ,70 ,31 ,41 ,0 ,3 ,14 ,0 ,3 ,7 ,1 ,4 ,0 ,0 ,0 
2022,마포구,77 ,125 ,54 ,21 ,34 ,0 ,0 ,11 ,0 ,2 ,4 ,3 ,1 ,0 ,1 ,0 
2022,마포구,78 ,146 ,62 ,51 ,35 ,0 ,3 ,13 ,0 ,0 ,6 ,3 ,0 ,0 ,0 ,0 
2022,마포구,79 ,125 ,72 ,41 ,39 ,0 ,1 ,9 ,0 ,1 ,5 ,2 ,1 ,0 ,0 ,1 
2022,마포구,80 ,159 ,93 ,54 ,52 ,0 ,4 ,19 ,0 ,3 ,3 ,2 ,1 ,1 ,0 ,0 
2022,마포구,81 ,148 ,95 ,32 ,32 ,0 ,1 ,16 ,0 ,2 ,5 ,0 ,0 ,0 ,0 ,0 
2022,마포구,82 ,117 ,77 ,30 ,35 ,2 ,3 ,12 ,0 ,1 ,2 ,1 ,0 ,0 ,0 ,0 
2022,마포구,83 ,118 ,85 ,31 ,31 ,1 ,1 ,6 ,0 ,1 ,4 ,0 ,0 ,0 ,0 ,0 
2022,마포구,84 ,85 ,70 ,25 ,28 ,0 ,0 ,12 ,0 ,2 ,5 ,1 ,0 ,0 ,0 ,0 
2022,마포구,85 ,105 ,73 ,24 ,33 ,1 ,0 ,8 ,0 ,0 ,5 ,0 ,0 ,0 ,0 ,0 
2022,마포구,86 ,81 ,55 ,24 ,17 ,0 ,0 ,5 ,0 ,3 ,1 ,0 ,0 ,0 ,2 ,0 
2022,마포구,87 ,70 ,80 ,20 ,24 ,0 ,0 ,4 ,0 ,3 ,0 ,1 ,0 ,0 ,1 ,0 
2022,마포구,88 ,52 ,49 ,10 ,16 ,0 ,0 ,5 ,0 ,0 ,4 ,0 ,0 ,0 ,0 ,0 
2022,마포구,89 ,34 ,54 ,13 ,14 ,0 ,0 ,4 ,0 ,0 ,1 ,1 ,0 ,0 ,0 ,0 
2022,마포구,90 ,36 ,47 ,13 ,7 ,0 ,0 ,6 ,0 ,0 ,0 ,0 ,0 ,0 ,0 ,0 
2022,마포구,91 ,16 ,39 ,8 ,8 ,1 ,0 ,1 ,0 ,1 ,0 ,0 ,0 ,0 ,1 ,0 
2022,마포구,92 ,19 ,25 ,2 ,4 ,0 ,0 ,1 ,0 ,1 ,1 ,0 ,0 ,0 ,0 ,0 
2022,마포구,93 ,12 ,26 ,3 ,1 ,0 ,0 ,0 ,0 ,0 ,1 ,0 ,0 ,0 ,0 ,0 
2022,마포구,94 ,5 ,23 ,6 ,3 ,0 ,0 ,1 ,0 ,1 ,1 ,0 ,0 ,0 ,0 ,0 
2022,마포구,95 ,4 ,9 ,1 ,2 ,0 ,0 ,0 ,0 ,0 ,0 ,0 ,0 ,0 ,0 ,0 
2022,마포구,96 ,6 ,14 ,0 ,3 ,0 ,0 ,1 ,0 ,0 ,0 ,0 ,0 ,0 ,0 ,0 
2022,마포구,97 ,6 ,5 ,1 ,1 ,0 ,0 ,0 ,0 ,0 ,1 ,0 ,0 ,0 ,0 ,0 
2022,마포구,98 ,0 ,1 ,1 ,0 ,0 ,0 ,0 ,0 ,0 ,0 ,0 ,0 ,0 ,0 ,0 
2022,마포구,99 ,0 ,5 ,2 ,0 ,0 ,0 ,0 ,0 ,0 ,0 ,0 ,0 ,0 ,0 ,0 
2022,마포구,100 ,1 ,2 ,0 ,0 ,0 ,0 ,0 ,0 ,0 ,0 ,0 ,0 ,0 ,0 ,0 
2022,마포구,101 ,0 ,3 ,0 ,0 ,0 ,0 ,0 ,0 ,0 ,0 ,0 ,0 ,0 ,0 ,0 
2022,마포구,102 ,0 ,1 ,0 ,0 ,0 ,0 ,0 ,0 ,0 ,0 ,0 ,0 ,0 ,0 ,0 
2022,마포구,103 ,1 ,1 ,0 ,0 ,0 ,0 ,0 ,0 ,0 ,0 ,0 ,0 ,0 ,0 ,0 
2022,강동구,1 ,0 ,2 ,0 ,0 ,0 ,0 ,0 ,0 ,0 ,0 ,0 ,0 ,0 ,0 ,0 
2022,강동구,2 ,2 ,1 ,1 ,8 ,1 ,0 ,0 ,0 ,0 ,0 ,0 ,0 ,0 ,0 ,0 
2022,강동구,3 ,0 ,0 ,0 ,2 ,2 ,0 ,0 ,1 ,2 ,0 ,0 ,0 ,0 ,0 ,0 
2022,강동구,4 ,2 ,2 ,0 ,8 ,3 ,0 ,0 ,8 ,8 ,0 ,0 ,0 ,0 ,0 ,0 
2022,강동구,5 ,0 ,0 ,1 ,8 ,5 ,0 ,1 ,15 ,7 ,0 ,0 ,0 ,0 ,0 ,0 
2022,강동구,6 ,1 ,1 ,0 ,5 ,8 ,0 ,0 ,19 ,3 ,0 ,0 ,0 ,0 ,0 ,0 
2022,강동구,7 ,2 ,0 ,2 ,8 ,16 ,0 ,0 ,30 ,3 ,0 ,0 ,0 ,1 ,0 ,0 
2022,강동구,8 ,0 ,4 ,1 ,10 ,7 ,0 ,0 ,17 ,6 ,0 ,0 ,0 ,0 ,0 ,0 
2022,강동구,9 ,2 ,1 ,0 ,8 ,21 ,0 ,0 ,21 ,2 ,0 ,0 ,0 ,0 ,0 ,0 
2022,강동구,10 ,0 ,0 ,0 ,6 ,22 ,0 ,0 ,18 ,3 ,0 ,0 ,0 ,0 ,1 ,0 
2022,강동구,11 ,1 ,2 ,3 ,9 ,29 ,0 ,0 ,32 ,1 ,0 ,0 ,0 ,1 ,0 ,0 
2022,강동구,12 ,2 ,4 ,1 ,8 ,29 ,0 ,0 ,13 ,0 ,0 ,0 ,0 ,0 ,0 ,0 
2022,강동구,13 ,1 ,2 ,0 ,5 ,21 ,0 ,0 ,14 ,1 ,0 ,0 ,1 ,0 ,0 ,0 
2022,강동구,14 ,1 ,1 ,0 ,2 ,30 ,0 ,0 ,14 ,0 ,0 ,0 ,0 ,0 ,0 ,0 
2022,강동구,15 ,7 ,2 ,0 ,11 ,27 ,0 ,0 ,8 ,1 ,0 ,0 ,0 ,0 ,0 ,0 
2022,강동구,16 ,4 ,3 ,1 ,6 ,33 ,0 ,0 ,12 ,1 ,0 ,0 ,1 ,1 ,0 ,0 
2022,강동구,17 ,1 ,4 ,0 ,7 ,27 ,0 ,0 ,9 ,1 ,0 ,0 ,0 ,0 ,0 ,0 
2022,강동구,18 ,3 ,4 ,4 ,6 ,31 ,0 ,0 ,13 ,0 ,0 ,0 ,0 ,0 ,2 ,0 
2022,강동구,19 ,4 ,3 ,4 ,6 ,28 ,1 ,0 ,13 ,2 ,0 ,1 ,0 ,0 ,3 ,0 
2022,강동구,20 ,3 ,3 ,3 ,5 ,23 ,0 ,0 ,13 ,2 ,0 ,0 ,0 ,1 ,0 ,0 
2022,강동구,21 ,4 ,3 ,0 ,12 ,22 ,0 ,0 ,13 ,1 ,1 ,0 ,0 ,1 ,0 ,0 
2022,강동구,22 ,8 ,5 ,4 ,4 ,36 ,1 ,0 ,11 ,0 ,0 ,0 ,0 ,2 ,1 ,0 
2022,강동구,23 ,10 ,3 ,8 ,12 ,36 ,1 ,0 ,19 ,0 ,0 ,0 ,0 ,0 ,0 ,0 
2022,강동구,24 ,10 ,3 ,3 ,6 ,42 ,2 ,1 ,24 ,1 ,0 ,0 ,0 ,2 ,2 ,0 
2022,강동구,25 ,7 ,7 ,1 ,10 ,50 ,3 ,1 ,17 ,0 ,0 ,0 ,1 ,0 ,3 ,0 
2022,강동구,26 ,14 ,4 ,3 ,17 ,39 ,2 ,2 ,14 ,0 ,0 ,0 ,1 ,0 ,0 ,0 
2022,강동구,27 ,18 ,5 ,6 ,3 ,42 ,2 ,2 ,13 ,0 ,0 ,1 ,0 ,0 ,0 ,0 
2022,강동구,28 ,18 ,11 ,5 ,7 ,41 ,2 ,1 ,12 ,0 ,0 ,0 ,0 ,0 ,0 ,0 
2022,강동구,29 ,16 ,9 ,10 ,6 ,37 ,3 ,0 ,21 ,0 ,0 ,0 ,0 ,0 ,0 ,0 
2022,강동구,30 ,14 ,4 ,5 ,6 ,43 ,8 ,3 ,12 ,1 ,1 ,1 ,1 ,0 ,1 ,0 
2022,강동구,31 ,15 ,6 ,10 ,8 ,43 ,4 ,3 ,6 ,0 ,0 ,1 ,1 ,0 ,2 ,1 
2022,강동구,32 ,18 ,3 ,11 ,6 ,31 ,4 ,1 ,7 ,1 ,0 ,0 ,0 ,0 ,0 ,1 
2022,강동구,33 ,19 ,5 ,6 ,11 ,31 ,6 ,2 ,13 ,0 ,0 ,0 ,0 ,0 ,0 ,0 
2022,강동구,34 ,13 ,6 ,11 ,9 ,35 ,5 ,6 ,15 ,1 ,0 ,0 ,0 ,1 ,0 ,0 
2022,강동구,35 ,18 ,7 ,5 ,10 ,16 ,5 ,3 ,6 ,0 ,0 ,0 ,0 ,1 ,0 ,1 
2022,강동구,36 ,24 ,4 ,14 ,7 ,24 ,12 ,6 ,8 ,2 ,0 ,0 ,0 ,1 ,1 ,0 
2022,강동구,37 ,29 ,3 ,8 ,8 ,24 ,5 ,7 ,5 ,1 ,1 ,0 ,1 ,1 ,0 ,0 
2022,강동구,38 ,34 ,13 ,11 ,12 ,15 ,9 ,5 ,3 ,3 ,0 ,0 ,1 ,0 ,1 ,0 
2022,강동구,39 ,36 ,7 ,12 ,17 ,32 ,16 ,8 ,3 ,1 ,0 ,0 ,1 ,0 ,0 ,1 
2022,강동구,40 ,44 ,11 ,16 ,10 ,24 ,10 ,10 ,5 ,1 ,1 ,1 ,0 ,2 ,0 ,0 
2022,강동구,41 ,34 ,3 ,14 ,15 ,32 ,18 ,9 ,3 ,2 ,2 ,1 ,0 ,3 ,1 ,0 
2022,강동구,42 ,62 ,5 ,16 ,12 ,24 ,17 ,4 ,5 ,2 ,0 ,0 ,1 ,3 ,0 ,2 
2022,강동구,43 ,63 ,7 ,19 ,11 ,24 ,14 ,5 ,4 ,1 ,2 ,0 ,1 ,2 ,1 ,0 
2022,강동구,44 ,65 ,12 ,19 ,7 ,18 ,14 ,9 ,1 ,2 ,0 ,0 ,0 ,5 ,0 ,1 
2022,강동구,45 ,50 ,8 ,28 ,15 ,19 ,9 ,12 ,1 ,2 ,0 ,1 ,2 ,2 ,1 ,1 
2022,강동구,46 ,79 ,6 ,16 ,21 ,22 ,22 ,9 ,1 ,2 ,1 ,0 ,0 ,0 ,0 ,1 
2022,강동구,47 ,70 ,9 ,21 ,13 ,9 ,18 ,8 ,1 ,2 ,2 ,0 ,1 ,1 ,1 ,0 
2022,강동구,48 ,88 ,6 ,28 ,12 ,14 ,21 ,7 ,0 ,2 ,0 ,0 ,1 ,2 ,0 ,1 
2022,강동구,49 ,92 ,14 ,38 ,12 ,17 ,17 ,14 ,0 ,2 ,0 ,0 ,1 ,2 ,0 ,1 
2022,강동구,50 ,94 ,13 ,34 ,15 ,23 ,20 ,21 ,0 ,1 ,3 ,0 ,3 ,1 ,0 ,1 
2022,강동구,51 ,96 ,10 ,29 ,15 ,12 ,19 ,22 ,2 ,4 ,3 ,3 ,4 ,1 ,0 ,0 
2022,강동구,52 ,107 ,17 ,27 ,26 ,18 ,16 ,19 ,0 ,2 ,1 ,0 ,4 ,0 ,1 ,1 
2022,강동구,53 ,124 ,18 ,32 ,18 ,11 ,24 ,17 ,2 ,3 ,2 ,2 ,3 ,1 ,0 ,0 
2022,강동구,54 ,110 ,14 ,31 ,25 ,17 ,19 ,19 ,0 ,1 ,0 ,0 ,2 ,2 ,0 ,0 
2022,강동구,55 ,143 ,24 ,32 ,24 ,18 ,30 ,23 ,1 ,2 ,2 ,1 ,2 ,3 ,0 ,1 
2022,강동구,56 ,163 ,17 ,43 ,17 ,15 ,20 ,22 ,0 ,3 ,1 ,0 ,3 ,0 ,2 ,1 
2022,강동구,57 ,139 ,31 ,35 ,30 ,12 ,25 ,23 ,0 ,6 ,0 ,0 ,6 ,2 ,0 ,0 
2022,강동구,58 ,157 ,27 ,42 ,33 ,12 ,18 ,23 ,0 ,0 ,6 ,1 ,1 ,0 ,0 ,0 
2022,강동구,59 ,189 ,30 ,36 ,35 ,21 ,20 ,20 ,0 ,1 ,1 ,2 ,5 ,1 ,0 ,1 
2022,강동구,60 ,212 ,37 ,44 ,44 ,19 ,21 ,24 ,0 ,5 ,3 ,1 ,6 ,4 ,0 ,0 
2022,강동구,61 ,216 ,39 ,41 ,45 ,18 ,17 ,26 ,1 ,3 ,2 ,2 ,5 ,4 ,1 ,0 
2022,강동구,62 ,282 ,37 ,53 ,42 ,13 ,18 ,23 ,0 ,5 ,7 ,3 ,11 ,1 ,0 ,0 
2022,강동구,63 ,229 ,43 ,47 ,49 ,5 ,17 ,28 ,0 ,3 ,7 ,3 ,11 ,2 ,2 ,1 
2022,강동구,64 ,204 ,42 ,59 ,47 ,6 ,15 ,30 ,0 ,6 ,4 ,1 ,7 ,1 ,0 ,0 
2022,강동구,65 ,271 ,41 ,45 ,57 ,9 ,17 ,34 ,0 ,2 ,3 ,2 ,5 ,1 ,0 ,1 
2022,강동구,66 ,239 ,36 ,38 ,44 ,6 ,18 ,26 ,0 ,3 ,4 ,4 ,6 ,1 ,1 ,0 
2022,강동구,67 ,257 ,50 ,62 ,44 ,8 ,7 ,31 ,0 ,5 ,7 ,5 ,5 ,0 ,1 ,0 
2022,강동구,68 ,224 ,51 ,46 ,45 ,5 ,12 ,27 ,0 ,8 ,5 ,4 ,3 ,0 ,4 ,0 
2022,강동구,69 ,218 ,52 ,38 ,46 ,7 ,7 ,22 ,0 ,1 ,3 ,1 ,4 ,1 ,2 ,0 
2022,강동구,70 ,237 ,63 ,41 ,66 ,2 ,10 ,32 ,0 ,3 ,1 ,1 ,5 ,1 ,0 ,1 
2022,강동구,71 ,169 ,52 ,39 ,35 ,2 ,4 ,18 ,0 ,8 ,1 ,7 ,1 ,0 ,0 ,1 
2022,강동구,72 ,210 ,53 ,42 ,43 ,4 ,3 ,25 ,0 ,4 ,3 ,4 ,4 ,1 ,0 ,0 
2022,강동구,73 ,192 ,93 ,51 ,59 ,1 ,4 ,26 ,0 ,6 ,2 ,6 ,4 ,0 ,0 ,0 
2022,강동구,74 ,239 ,81 ,51 ,76 ,2 ,3 ,17 ,0 ,6 ,3 ,3 ,2 ,0 ,0 ,1 
2022,강동구,75 ,218 ,109 ,42 ,70 ,2 ,3 ,19 ,0 ,8 ,4 ,6 ,0 ,0 ,3 ,0 
2022,강동구,76 ,195 ,91 ,53 ,47 ,4 ,1 ,26 ,0 ,4 ,1 ,4 ,4 ,0 ,0 ,0 
2022,강동구,77 ,149 ,108 ,48 ,35 ,0 ,0 ,25 ,0 ,1 ,4 ,3 ,1 ,1 ,0 ,0 
2022,강동구,78 ,181 ,82 ,43 ,52 ,2 ,2 ,13 ,0 ,2 ,3 ,3 ,2 ,0 ,0 ,0 
2022,강동구,79 ,175 ,78 ,43 ,48 ,0 ,3 ,12 ,0 ,3 ,12 ,2 ,1 ,0 ,2 ,0 
2022,강동구,80 ,203 ,121 ,48 ,67 ,2 ,0 ,14 ,0 ,6 ,3 ,5 ,0 ,0 ,1 ,0 
2022,강동구,81 ,132 ,96 ,45 ,40 ,0 ,0 ,12 ,0 ,2 ,1 ,2 ,0 ,0 ,1 ,0 
2022,강동구,82 ,132 ,66 ,35 ,36 ,0 ,1 ,6 ,0 ,1 ,4 ,1 ,1 ,1 ,0 ,0 
2022,강동구,83 ,118 ,107 ,26 ,29 ,0 ,0 ,13 ,0 ,2 ,2 ,3 ,0 ,0 ,0 ,0 
2022,강동구,84 ,105 ,83 ,23 ,30 ,0 ,0 ,4 ,0 ,2 ,3 ,1 ,0 ,0 ,1 ,0 
2022,강동구,85 ,101 ,76 ,21 ,31 ,2 ,0 ,10 ,0 ,1 ,3 ,0 ,0 ,0 ,0 ,0 
2022,강동구,86 ,75 ,88 ,20 ,21 ,0 ,1 ,7 ,0 ,3 ,0 ,1 ,0 ,0 ,0 ,0 
2022,강동구,87 ,83 ,73 ,26 ,20 ,0 ,0 ,5 ,0 ,2 ,3 ,0 ,0 ,0 ,0 ,0 
2022,강동구,88 ,54 ,53 ,16 ,12 ,1 ,0 ,3 ,0 ,3 ,1 ,2 ,0 ,0 ,0 ,1 
2022,강동구,89 ,37 ,73 ,17 ,9 ,1 ,0 ,4 ,0 ,2 ,5 ,0 ,0 ,0 ,0 ,0 
2022,강동구,90 ,37 ,37 ,16 ,8 ,0 ,0 ,3 ,0 ,0 ,1 ,0 ,0 ,0 ,0 ,0 
2022,강동구,91 ,17 ,34 ,9 ,12 ,0 ,1 ,3 ,0 ,1 ,2 ,0 ,0 ,0 ,0 ,0 
2022,강동구,92 ,19 ,36 ,7 ,5 ,0 ,0 ,1 ,0 ,0 ,1 ,0 ,0 ,0 ,0 ,0 
2022,강동구,93 ,22 ,41 ,9 ,8 ,0 ,0 ,0 ,0 ,0 ,1 ,0 ,0 ,0 ,0 ,0 
2022,강동구,94 ,12 ,21 ,7 ,3 ,0 ,0 ,0 ,0 ,0 ,1 ,0 ,0 ,0 ,0 ,0 
2022,강동구,95 ,13 ,14 ,3 ,2 ,0 ,0 ,1 ,0 ,0 ,2 ,0 ,0 ,0 ,0 ,0 
2022,강동구,96 ,1 ,12 ,2 ,0 ,0 ,0 ,0 ,0 ,0 ,0 ,0 ,0 ,0 ,0 ,0 
2022,강동구,97 ,1 ,7 ,2 ,1 ,0 ,0 ,0 ,0 ,0 ,0 ,0 ,0 ,0 ,0 ,0 
2022,강동구,98 ,5 ,4 ,4 ,1 ,0 ,0 ,0 ,0 ,0 ,0 ,0 ,0 ,0 ,0 ,0 
2022,강동구,99 ,0 ,4 ,0 ,0 ,0 ,1 ,0 ,0 ,0 ,0 ,0 ,0 ,0 ,0 ,0 
2022,강동구,100 ,0 ,1 ,0 ,0 ,0 ,0 ,0 ,0 ,0 ,1 ,0 ,0 ,0 ,0 ,0 
2022,강동구,101 ,1 ,3 ,0 ,1 ,0 ,0 ,0 ,0 ,0 ,0 ,0 ,0 ,0 ,0 ,0 
2022,강동구,102 ,0 ,0 ,1 ,0 ,0 ,0 ,0 ,0 ,0 ,0 ,0 ,0 ,0 ,0 ,0 
2022,강동구,106 ,0 ,0 ,0 ,1 ,0 ,0 ,0 ,0 ,0 ,0 ,0 ,0 ,0 ,0 ,0 
2022,강동구,107 ,0 ,1 ,0 ,0 ,0 ,0 ,0 ,0 ,0 ,0 ,0 ,0 ,0 ,0 ,0 
